Potential (V),Current (uA)
-0.50017,-0.013999938000000002
-0.48029299999999997,-0.013999938000000002
-0.46041499999999996,-0.013999938000000002
-0.44053699999999996,-0.006999969000000001
-0.420659,-0.006999969000000001
-0.400781,-0.006999969000000001
-0.380903,0.0
-0.361025,0.0
-0.341147,0.0
-0.32126899999999997,0.0017499920000000001
-0.30139099999999996,0.0017499920000000001
-0.281514,0.0017499920000000001
-0.261636,0.0034999840000000003
-0.241758,0.0043749800000000005
-0.22188,0.0043749800000000005
-0.202002,0.006124973000000001
-0.18212399999999998,0.006999969000000001
-0.162246,0.008749961
-0.142368,0.012249946000000001
-0.12248999999999999,0.01553118
-0.102612,0.02034366
-0.08273504000000001,0.026796756000000005
-0.062857144,0.033249852
-0.04297924,0.041452944000000005
-0.023101342,0.050093528000000005
-0.0032234430000000003,0.058515364
0.016654456,0.0678122
0.036532356,0.07503092
0.056410256000000006,0.08203088800000001
0.07628816000000001,0.08618711200000001
0.096166048,0.087499616
0.116043,0.09023397600000001
0.135921,0.089905856
0.155799,0.08804648
0.175677,0.08454649600000001
0.19555499999999998,0.07776528
0.21543299999999999,0.07262468000000001
0.235311,0.067484072
0.255189,0.06321846800000001
0.275067,0.06103097600000001
0.294945,0.05862474000000001
0.314822,0.05785911600000001
0.3347,0.057640368000000004
0.354578,0.057640368000000004
0.37445599999999996,0.059062236000000004
0.39433399999999996,0.060374732
0.41421199999999997,0.062452852
0.43409,0.065296584
0.453968,0.068030952
0.473846,0.07164031200000001
0.493724,0.075905912
0.513601,0.08082776800000001
0.5334789999999999,0.08771836
0.553357,0.095921448
0.5732349999999999,0.107405
0.593113,0.12315499999999999
0.612991,0.144921
0.632869,0.17685800000000002
0.652747,0.223014
0.6726249999999999,0.289951
0.692503,0.383685
0.71238,0.507388
0.732258,0.670684
0.7521359999999999,0.8870269999999999
0.772014,1.175885
0.7918919999999999,1.5798050000000001
0.81177,2.13324
0.8316479999999999,1.460806
0.851526,1.228494
0.871404,1.098557
0.891281,1.011933
0.9111589999999999,0.95112
0.931037,0.901246
0.950915,0.862308
0.9707929999999999,0.830371
0.990671,0.8006209999999999
1.010549,0.777434
1.030427,0.754684
1.050305,0.734996
1.0701829999999999,0.7188089999999999
1.090061,0.700871
1.1099379999999999,0.6873090000000001
1.129816,0.673309
1.149694,0.6597470000000001
1.169572,0.6496839999999999
1.18945,0.636997
1.209328,0.626934
1.229206,0.6177469999999999
1.2490839999999999,0.606809
1.268962,0.599809
1.28884,0.590622
1.308717,0.582309
1.328595,0.5761839999999999
1.348473,0.566997
1.3683509999999999,0.56131
1.388229,0.554747
1.408107,0.54731
1.4279849999999998,0.5429350000000001
1.447863,0.535497
1.467741,0.5302469999999999
1.487619,0.525435
1.507496,0.518435
1.527374,0.5149349999999999
1.5472519999999998,0.50881
1.56713,0.50356
1.587008,0.50006
1.606886,0.493497
1.6267639999999999,0.489997
1.646642,0.48562200000000005
1.66652,0.47949699999999995
1.686397,0.47731
1.706275,0.471185
1.7261529999999998,0.46724699999999997
1.7460309999999999,0.464185
1.765909,0.45806
1.785787,0.45587199999999994
1.8056649999999999,0.45106
1.785787,0.44624800000000003
1.765909,0.44405999999999995
1.7460309999999999,0.438373
1.7261529999999998,0.43574799999999997
1.706275,0.43224799999999997
1.686397,0.426998
1.66652,0.42524799999999996
1.646642,0.420435
1.6267639999999999,0.416935
1.606886,0.41431
1.587008,0.40906
1.56713,0.40731
1.5472519999999998,0.40381
1.527374,0.399435
1.507496,0.39768499999999996
1.487619,0.39287299999999997
1.467741,0.390685
1.447863,0.38806
1.4279849999999998,0.383248
1.408107,0.38237299999999996
1.388229,0.378435
1.3683509999999999,0.374935
1.348473,0.373623
1.328595,0.36880999999999997
1.308717,0.367935
1.28884,0.36530999999999997
1.268962,0.361373
1.2490839999999999,0.36093499999999995
1.229206,0.35656
1.209328,0.35480999999999996
1.18945,0.353498
1.169572,0.34912299999999996
1.149694,0.348685
1.129816,0.34562299999999996
1.1099379999999999,0.34299799999999997
1.090061,0.34256000000000003
1.0701829999999999,0.33862299999999995
1.050305,0.338185
1.030427,0.336436
1.010549,0.332936
0.990671,0.273873
0.9707929999999999,0.193374
0.950915,0.140436
0.931037,0.103249
0.9111589999999999,0.07699965600000001
0.891281,0.059062236000000004
0.871404,0.044624800000000006
0.851526,0.034781096000000004
0.8316479999999999,0.026468634
0.81177,0.019687412
0.7918919999999999,0.014984308000000002
0.772014,0.009843706
0.7521359999999999,0.005796849000000001
0.732258,-0.0019599910000000003
0.71238,-0.006171173000000001
0.692503,-0.010404754
0.6726249999999999,-0.015075133000000001
0.652747,-0.020641508000000003
0.632869,-0.027019882000000002
0.612991,-0.03468064800000001
0.593113,-0.043405408
0.5732349999999999,-0.051306972
0.553357,-0.06956219200000001
0.5334789999999999,-0.09154646400000001
0.513601,-0.123702
0.493724,-0.16920200000000002
0.473846,-0.234389
0.453968,-0.335451
0.43409,-0.492732
0.41421199999999997,-0.7489959999999999
0.39433399999999996,-1.1840879999999998
0.37445599999999996,-1.8934909999999998
0.354578,-2.862549
0.3347,-3.885857
0.314822,-4.42223
0.294945,-4.102856
0.275067,-2.961861
0.255189,-1.706242
0.235311,-1.002745
0.21543299999999999,-0.569622
0.19555499999999998,-0.347373
0.175677,-0.23624799999999999
0.155799,-0.18724899999999997
0.135921,-0.16974899999999998
0.116043,-0.160999
0.096166048,-0.157936
0.07628816000000001,-0.15487399999999998
0.056410256000000006,-0.151811
0.036532356,-0.150061
0.016654456,-0.14349900000000002
-0.0032234430000000003,-0.136061
-0.023101342,-0.128624
-0.04297924,-0.11943599999999999
-0.062857144,-0.113311
-0.08273504000000001,-0.102812
-0.102612,-0.087499616
-0.12248999999999999,-0.07174968000000001
-0.142368,-0.055562252000000006
-0.162246,-0.045281048000000004
-0.18212399999999998,-0.03849982800000001
-0.202002,-0.034124848
-0.22188,-0.03292173
-0.241758,-0.030624866
-0.261636,-0.029531118000000002
-0.281514,-0.028765498000000004
-0.30139099999999996,-0.028109250000000002
-0.32126899999999997,-0.029531118000000002
-0.341147,-0.031171738000000004
-0.361025,-0.034781096000000004
-0.380903,-0.042218564
-0.400781,-0.05239039200000001
-0.420659,-0.06879656800000002
-0.44053699999999996,-0.09154646400000001
-0.46041499999999996,-0.12107699999999999
-0.48029299999999997,-0.159249
-0.50017,-0.20267
