Potential (V),Current (µA)
-0.199853,-5.725975
-0.19877899999999998,-1.483994
-0.197705,-0.433998
-0.19663,-0.076999664
-0.19555599999999998,-0.048999788
-0.194481,-0.034999848
-0.193407,-0.013999939000000001
-0.192332,-0.013999939000000001
-0.19125799999999998,-0.013999939000000001
-0.190183,-0.003499985
-0.189109,-0.008749962
-0.18803399999999998,-0.00699997
-0.18696,-0.0008749960000000001
-0.185885,-0.005249978000000001
-0.184811,-0.0026249890000000003
-0.18373599999999998,0.0
-0.182662,-0.003937483
-0.181587,0.0
-0.18051299999999998,0.0
-0.179438,-0.003499985
-0.178364,0.0017499920000000001
-0.177289,-0.0008749960000000001
-0.17621499999999998,-0.002187491
-0.17514,0.0022968650000000004
-0.174066,-0.001097595
-0.172991,0.0004927980000000001
-0.171917,5.5999756000000005e-05
-0.170842,-0.000677597
-0.169768,0.000755997
-0.16869399999999998,-0.00024639900000000006
-0.167619,-0.00044239800000000004
-0.166545,0.0008063970000000001
-0.16547,-0.0005263980000000001
-0.164396,-0.000145599
-0.163321,0.0007055970000000001
-0.162247,-0.0007111970000000001
-0.16117199999999998,0.00019039900000000003
-0.160098,0.0004927980000000001
-0.159023,-0.0007895970000000001
-0.157949,0.000503998
-0.15687399999999999,0.00021279900000000003
-0.1558,-0.0007279970000000001
-0.154725,0.0007055970000000001
-0.15365099999999998,-0.00011199951200000001
-0.152576,-0.000531998
-0.151502,0.0008063970000000001
-0.150427,-0.00042559800000000007
-0.14935299999999999,-0.00026319900000000004
-0.148278,0.0007671970000000001
-0.147204,-0.000643997
-0.14612899999999998,6.159973199999999e-05
-0.145055,0.000582397
-0.14398,-0.0007727970000000001
-0.142906,0.000391998
-0.14183199999999999,0.0003247990000000001
-0.140757,-0.0007727970000000001
-0.139683,0.0006383970000000001
-0.13860799999999998,1.6799928e-05
-0.137534,-0.0006215970000000001
-0.136459,0.000783997
-0.135385,-0.000307999
-0.13430999999999998,-0.00038079800000000006
-0.133235648,0.0008063970000000001
-0.132161168,-0.0005711980000000001
-0.131086696,-7.279968000000001e-05
-0.130012216,0.000671997
-0.12893772,-0.000739197
-0.12786324000000002,0.000268799
-0.126788768,0.000436798
-0.125714288,-0.0007895970000000001
-0.12463980000000001,0.000559998
-0.12356532,0.000145599
-0.12249084,-0.000694397
-0.12141636,0.0007335970000000001
-0.12034188000000001,-0.000184799
-0.11926740000000001,-0.0004815980000000001
-0.11819292,0.000811996
-0.11711843200000001,-0.0004815980000000001
-0.116043952,-0.00020159900000000003
-0.114969472,0.000739197
-0.113894992,-0.0006831970000000001
-0.11282051200000001,0.00013439900000000003
-0.11174603200000001,0.000537598
-0.110671552,-0.0007783970000000001
-0.10959706400000001,0.000459198
-0.108522584,0.00026319900000000004
-0.10744811200000001,-0.0007503970000000001
-0.106373624,0.0006831970000000001
-0.10529914400000001,-5.5999756000000005e-05
-0.10422465600000001,-0.0005711980000000001
-0.103150184,0.000800797
-0.102075704,-0.00037519800000000004
-0.101001216,-0.000313599
-0.099926736,0.000783997
-0.098852256,-0.000610397
-0.09777777600000001,5.599976e-06
-0.09670329600000001,0.0006215970000000001
-0.095628816,-0.000755997
-0.094554336,0.00034159900000000005
-0.093479848,0.00037519800000000004
-0.092405368,-0.0007783970000000001
-0.09133089600000001,0.0006047970000000001
-0.09025640800000001,7.279968000000001e-05
-0.08918192800000001,-0.0006495970000000001
-0.088107448,0.0007671970000000001
-0.087032968,-0.000251999
-0.08595848,-0.00041999800000000004
-0.084884,0.0008063970000000001
-0.08380952800000001,-0.0005263980000000001
-0.08273504000000001,-0.00012879944
-0.08166056000000001,0.000699997
-0.08058607200000001,-0.0007111970000000001
-0.0795116,0.00021279900000000003
-0.07843712,0.0004815980000000001
-0.077362632,-0.0007895970000000001
-0.07628816000000001,0.000515198
-0.07521367200000001,0.000195999
-0.074139192,-0.000716797
-0.073064712,0.0007111970000000001
-0.071990232,-0.00012319946399999999
-0.070915752,-0.000520798
-0.069841264,0.0008063970000000001
-0.068766784,-0.000436798
-0.067692312,-0.000251999
-0.066617824,0.000755997
-0.065543348,-0.0006495970000000001
-0.06446886,7.839966400000001e-05
-0.063394384,0.0005711980000000001
-0.062319900000000004,-0.0007727970000000001
-0.06124542,0.000408798
-0.060170940000000006,0.000313599
-0.05909646,-0.000761597
-0.058021976,0.0006495970000000001
-0.056947496,0.0
-0.055873016000000005,-0.000610397
-0.054798532000000004,0.0007895970000000001
-0.053724056000000006,-0.00031919900000000005
-0.052649572000000006,-0.00036399800000000003
-0.051575092,0.0007951970000000001
-0.050500608,-0.000576798
-0.049426128,-5.0399780000000004e-05
-0.048351648000000004,0.000655197
-0.047277168,-0.0007335970000000001
-0.046202684,0.00028559900000000004
-0.045128204000000005,0.00041999800000000004
-0.044053724,-0.000783997
-0.04297924,0.0005711980000000001
-0.041904764000000004,0.00012879944
-0.040830280000000004,-0.0006831970000000001
-0.0397558,0.0007447970000000001
-0.038681316,-0.00020159900000000003
-0.037606836000000005,-0.00046479800000000004
-0.036532356,0.0008063970000000001
-0.035457876,-0.000487198
-0.034383392,-0.000179199
-0.033308912,0.0007279970000000001
-0.03223443,-0.0006831970000000001
-0.031159950000000002,0.000156799
-0.030085470000000003,0.000520798
-0.029010988,-0.0007783970000000001
-0.027936508000000002,0.000470398
-0.026862028000000003,0.00024639900000000006
-0.025787546,-0.0007335970000000001
-0.024713064,0.0006831970000000001
-0.023638584,-6.7199712e-05
-0.022564102000000003,-0.000559998
-0.02148962,0.000800797
-0.020415140000000002,-0.00038079800000000006
-0.019340658,-0.000302399
-0.018266178,0.0007783970000000001
-0.017191696,-0.0006159970000000001
-0.016117215,1.6799928e-05
-0.015042735000000002,0.0006159970000000001
-0.013968254000000001,-0.000755997
-0.012893773,0.000358398
-0.011819292,0.00036399800000000003
-0.01074481,-0.0007727970000000001
-0.009670329,0.000610397
-0.008595848,6.159973199999999e-05
-0.0075213680000000005,-0.000643997
-0.006446887,0.0007671970000000001
-0.005372405,-0.00026319900000000004
-0.004297924,-0.000408798
-0.0032234430000000003,0.0008063970000000001
-0.002148962,-0.000537598
-0.001074481,-0.00011199951200000001
0.0,0.000694397
0.001074481,-0.0007111970000000001
0.002148962,0.000223999
0.0032234430000000003,0.000470398
0.004297924,-0.0007783970000000001
0.005372405,0.0005263980000000001
0.006446887,0.000184799
0.0075213680000000005,-0.0007111970000000001
0.008595848,0.000716797
0.009670329,-0.00013439900000000003
0.01074481,-0.0005095980000000001
0.011819292,0.0008063970000000001
0.012893773,-0.00044239800000000004
0.013968254000000001,-0.000235199
0.015042735000000002,0.0007503970000000001
0.016117215,-0.0006495970000000001
0.017191696,9.5199592e-05
0.018266178,0.0005655980000000001
0.019340658,-0.0007727970000000001
0.020415140000000002,0.00041999800000000004
0.02148962,0.000302399
0.022564102000000003,-0.000755997
0.023638584,0.000655197
0.024713064,-5.599976e-06
0.025787546,-0.000599197
0.026862028000000003,0.0007895970000000001
0.027936508000000002,-0.0003247990000000001
0.029010988,-0.00035279800000000003
0.030085470000000003,0.0007951970000000001
0.031159950000000002,-0.000582397
0.03223443,-3.9199832000000005e-05
0.033308912,0.0006495970000000001
0.034383392,-0.0007335970000000001
0.035457876,0.00029679900000000004
0.036532356,0.000414398
0.037606836000000005,-0.0007783970000000001
0.038681316,0.000576798
0.0397558,0.00012319946399999999
0.040830280000000004,-0.000671997
0.041904764000000004,0.0007503970000000001
0.04297924,-0.00020159900000000003
0.044053724,-0.00045359800000000004
0.045128204000000005,0.0008063970000000001
0.046202684,-0.0004927980000000001
0.047277168,-0.000167999
0.048351648000000004,0.0007223970000000001
0.049426128,-0.0006831970000000001
0.050500608,0.000167999
0.051575092,0.000515198
0.052649572000000006,-0.0007727970000000001
0.053724056000000006,0.0004815980000000001
0.054798532000000004,0.00024079900000000004
0.055873016000000005,-0.0007279970000000001
0.056947496,0.000688797
0.058021976,-7.279968000000001e-05
0.05909646,-0.0005487980000000001
0.060170940000000006,0.000800797
0.06124542,-0.000391998
0.062319900000000004,-0.00028559900000000004
0.063394384,0.0007727970000000001
0.06446886,-0.0006215970000000001
0.065543348,2.7999878000000003e-05
0.066617824,0.0006047970000000001
0.067692312,-0.000755997
0.068766784,0.00036399800000000003
0.069841264,0.000358398
0.070915752,-0.0007671970000000001
0.071990232,0.0006215970000000001
0.073064712,5.0399780000000004e-05
0.074139192,-0.000632797
0.07521367200000001,0.0007727970000000001
0.07628816000000001,-0.00027439900000000004
0.077362632,-0.00040319800000000007
0.07843712,0.000800797
0.0795116,-0.000537598
0.08058607200000001,-0.00010079956000000001
0.08166056000000001,0.000688797
0.08273504000000001,-0.0007111970000000001
0.08380952800000001,0.000235199
0.084884,0.000459198
0.08595848,-0.0007783970000000001
0.087032968,0.000531998
0.088107448,0.000179199
0.08918192800000001,-0.000699997
0.09025640800000001,0.0007223970000000001
0.09133089600000001,-0.000145599
0.092405368,-0.000503998
0.093479848,0.0008063970000000001
0.094554336,-0.00044239800000000004
0.095628816,-0.000229599
0.09670329600000001,0.0007447970000000001
0.09777777600000001,-0.0006495970000000001
0.098852256,0.00010079956000000001
0.099926736,0.000559998
0.101001216,-0.0007671970000000001
0.102075704,0.00042559800000000007
0.103150184,0.00029679900000000004
0.10422465600000001,-0.0007503970000000001
0.10529914400000001,0.000660797
0.106373624,-1.1199951000000002e-05
0.10744811200000001,-0.0005879980000000001
0.108522584,0.0007895970000000001
0.10959706400000001,-0.000330399
0.110671552,-0.00034159900000000005
0.11174603200000001,0.0007951970000000001
0.11282051200000001,-0.000582397
0.113894992,-3.3599856e-05
0.114969472,0.000643997
0.116043952,-0.0007335970000000001
0.11711843200000001,0.000302399
0.11819292,0.000408798
0.11926740000000001,-0.0007727970000000001
0.12034188000000001,0.000582397
0.12141636,0.00011199951200000001
0.12249084,-0.0006663970000000001
0.12356532,0.0007503970000000001
0.12463980000000001,-0.00021279900000000003
0.125714288,-0.000447998
0.126788768,0.0008063970000000001
0.12786324000000002,-0.000498398
0.12893772,-0.000156799
0.130012216,0.000716797
0.131086696,-0.0006831970000000001
0.132161168,0.00017359900000000003
0.133235648,0.0005095980000000001
0.13430999999999998,-0.0007727970000000001
0.135385,0.0004815980000000001
0.136459,0.000235199
0.137534,-0.0007223970000000001
0.13860799999999998,0.000699997
0.139683,-7.839966400000001e-05
0.140757,-0.000543198
0.14183199999999999,0.000800797
0.142906,-0.000391998
0.14398,-0.000279999
0.145055,0.0007671970000000001
0.14612899999999998,-0.0006159970000000001
0.147204,3.9199832000000005e-05
0.148278,0.0006047970000000001
0.14935299999999999,-0.0007503970000000001
0.150427,0.00037519800000000004
0.151502,0.000347199
0.152576,-0.000761597
0.15365099999999998,0.000627197
0.154725,4.479980400000001e-05
0.1558,-0.0006215970000000001
0.15687399999999999,0.0007727970000000001
0.157949,-0.00027439900000000004
0.159023,-0.000391998
0.160098,0.0008063970000000001
0.16117199999999998,-0.000543198
0.162247,-8.959960800000002e-05
0.163321,0.0006831970000000001
0.164396,-0.0007111970000000001
0.16547,0.00024639900000000006
0.166545,0.00045359800000000004
0.167619,-0.0007727970000000001
0.16869399999999998,0.000537598
0.169768,0.000167999
0.170842,-0.000694397
0.171917,0.0007279970000000001
0.172991,-0.00015119900000000003
0.174066,-0.0004927980000000001
0.17514,0.0008063970000000001
0.17621499999999998,-0.000447998
0.177289,-0.000218399
0.178364,0.0007447970000000001
0.179438,-0.000655197
0.18051299999999998,0.00011199951200000001
0.181587,0.000554398
0.182662,-0.0007671970000000001
0.18373599999999998,0.000436798
0.184811,0.000291199
0.185885,-0.0007447970000000001
0.18696,0.0006663970000000001
0.18803399999999998,-1.1199951000000002e-05
0.189109,-0.000576798
0.190183,0.0007895970000000001
0.19125799999999998,-0.00034159900000000005
0.192332,-0.000330399
0.193407,0.0007895970000000001
0.194481,-0.000582397
0.19555599999999998,-2.2399902000000004e-05
0.19663,0.000643997
0.197705,-0.0007335970000000001
0.19877899999999998,0.000313599
0.199853,0.00040319800000000007
0.200928,-0.0007671970000000001
0.202002,0.0005879980000000001
0.20307699999999998,0.00011199951200000001
0.204151,-0.000655197
0.205226,0.0007503970000000001
0.20629999999999998,-0.00021279900000000003
0.207375,-0.00043119800000000004
0.208449,0.000811996
0.209524,-0.0004927980000000001
0.21059799999999998,-0.00015119900000000003
0.211673,0.000716797
0.212747,-0.000677597
0.21382199999999998,0.000184799
0.214896,0.000503998
0.215971,-0.0007671970000000001
0.217045,0.0004927980000000001
0.21811999999999998,0.000235199
0.219194,-0.000716797
0.220269,0.000699997
0.22134299999999998,-8.3999632e-05
0.22241799999999998,-0.000537598
0.223492,0.000800797
0.224567,-0.000391998
0.22564099999999998,-0.00027439900000000004
0.226716,0.0007671970000000001
0.22779,-0.0006215970000000001
0.22886399999999998,4.479980400000001e-05
0.22993899999999998,0.000599197
0.231013,-0.0007503970000000001
0.232088,0.00038079800000000006
0.23316199999999998,0.00035279800000000003
0.234237,-0.0007503970000000001
0.235311,0.000632797
0.23638599999999999,5.0399780000000004e-05
0.23745999999999998,-0.000610397
0.238535,0.0007783970000000001
0.239609,-0.00027439900000000004
0.24068399999999998,-0.00038079800000000006
0.241758,0.000800797
0.242833,-0.000543198
0.24390699999999998,-8.3999632e-05
0.24498199999999998,0.000671997
0.246056,-0.000716797
0.247131,0.000251999
0.24820499999999998,0.000447998
0.24928,-0.0007727970000000001
0.25035399999999997,0.000543198
0.251429,0.000167999
0.252503,-0.0006831970000000001
0.25357799999999997,0.0007279970000000001
0.254652,-0.000156799
0.255726,-0.0004927980000000001
0.256801,0.0008063970000000001
0.25787499999999997,-0.000447998
0.25895,-0.000207199
0.260024,0.0007503970000000001
0.26109899999999997,-0.000655197
0.262173,0.00012319946399999999
0.263248,0.0005487980000000001
0.264322,-0.000755997
0.265397,0.00045359800000000004
0.266471,0.00029679900000000004
0.267546,-0.000739197
0.26861999999999997,0.0006663970000000001
0.26969499999999996,-2.2399902000000004e-05
0.270769,-0.000576798
0.271844,0.0007783970000000001
0.272918,-0.000347199
0.273993,-0.000330399
0.275067,0.0007727970000000001
0.276142,-0.0005879980000000001
0.27721599999999996,-2.2399902000000004e-05
0.278291,0.000632797
0.279365,-0.000716797
0.28043999999999997,0.000335999
0.281514,0.00041999800000000004
0.282589,-0.0007279970000000001
0.283663,0.000627197
0.28473699999999996,0.000139999
0.285812,-0.0006215970000000001
0.286886,0.0007783970000000001
0.28796099999999997,-0.000195999
0.289035,-0.00041999800000000004
0.29011,0.000817597
0.291184,-0.0004927980000000001
0.292259,-0.00013439900000000003
0.293333,0.000716797
0.294408,-0.000677597
0.29548199999999997,0.000195999
0.29655699999999996,0.0005095980000000001
0.297631,-0.000761597
0.29870599999999997,0.000498398
0.29978,0.000229599
0.300855,-0.0007111970000000001
0.301929,0.000694397
0.303004,-8.959960800000002e-05
0.30407799999999996,-0.000531998
0.305153,0.0007951970000000001
0.30622699999999997,-0.000408798
0.30730199999999996,-0.000279999
0.308376,0.0007447970000000001
0.309451,-0.000643997
0.310525,1.6799928e-05
0.3116,0.000554398
0.312674,-0.0007895970000000001
0.31374799999999997,0.000330399
0.31482299999999996,0.00035279800000000003
0.315897,-0.0007335970000000001
0.316972,0.000627197
0.318046,3.9199832000000005e-05
0.319121,-0.000610397
0.320195,0.0007727970000000001
0.32127,-0.00027439900000000004
0.32234399999999996,-0.00037519800000000004
0.323419,0.000800797
0.324493,-0.000537598
0.32556799999999997,-7.839966400000001e-05
0.326642,0.000677597
0.327717,-0.0007055970000000001
0.328791,0.000257599
0.329866,0.00046479800000000004
0.33094,-0.0007503970000000001
0.332015,0.000559998
0.33308899999999997,0.000184799
0.33416399999999996,-0.0006663970000000001
0.335238,0.000739197
0.336313,-0.000139999
0.337387,-0.00046479800000000004
0.338462,0.000817597
0.339536,-0.00043119800000000004
0.340611,-0.00019039900000000003
0.34168499999999996,0.000755997
0.342759,-0.0006383970000000001
0.343834,0.00013439900000000003
0.344908,0.0005655980000000001
0.345983,-0.0007503970000000001
0.347057,0.00045359800000000004
0.348132,0.000302399
0.34920599999999996,-0.0007279970000000001
0.350281,0.000677597
0.351355,-5.599976e-06
0.35242999999999997,-0.0005655980000000001
0.353504,0.000800797
0.354579,-0.000330399
0.355653,-0.000313599
0.356728,0.000800797
0.357802,-0.0005711980000000001
0.358877,-5.599976e-06
0.35995099999999997,0.000655197
0.36102599999999996,-0.0007223970000000001
0.3621,0.0003247990000000001
0.36317499999999997,0.000408798
0.364249,-0.000755997
0.365324,0.0005935970000000001
0.366398,0.00011759948
0.367473,-0.000643997
0.36854699999999996,0.000761597
0.369622,-0.000207199
0.37069599999999997,-0.00041999800000000004
0.37177,0.000828796
0.372845,-0.0004815980000000001
0.373919,-0.00013439900000000003
0.374994,0.0007223970000000001
0.37606799999999996,-0.000671997
0.377143,0.00019039900000000003
0.37821699999999997,0.000515198
0.37929199999999996,-0.000761597
0.380366,0.000498398
0.381441,0.00024079900000000004
0.382515,-0.0007111970000000001
0.38359,0.0007055970000000001
0.384664,-7.839966400000001e-05
0.385739,-0.0005263980000000001
0.38681299999999996,0.0008063970000000001
0.38788799999999996,-0.000391998
0.388962,-0.000268799
0.39003699999999997,0.0007727970000000001
0.391111,-0.0006159970000000001
0.392186,4.479980400000001e-05
0.39326,0.000599197
0.394335,-0.0007503970000000001
0.39540899999999995,0.00037519800000000004
0.396484,0.000347199
0.39755799999999997,-0.000761597
0.398632,0.0006215970000000001
0.399707,4.479980400000001e-05
0.400781,-0.0006215970000000001
0.401856,0.0007671970000000001
0.40292999999999995,-0.000279999
0.404005,-0.00038639800000000004
0.40507899999999997,0.0007951970000000001
0.40615399999999996,-0.000537598
0.407228,-8.3999632e-05
0.40830299999999997,0.0006831970000000001
0.409377,-0.000699997
0.410452,0.000251999
0.411526,0.000459198
0.412601,-0.000761597
0.41367499999999996,0.000537598
0.41475,0.00017359900000000003
0.41582399999999997,-0.0006831970000000001
0.41689899999999996,0.0007279970000000001
0.417973,-0.000139999
0.419048,-0.0004815980000000001
0.420122,0.0008063970000000001
0.421197,-0.000436798
0.422271,-0.000207199
0.423346,0.0007447970000000001
0.42441999999999996,-0.000643997
0.42549499999999996,0.00011759948
0.426569,0.000554398
0.427643,-0.000755997
0.428718,0.00043119800000000004
0.429792,0.000291199
0.430867,-0.0007279970000000001
0.43194099999999996,0.0006663970000000001
0.43301599999999996,-1.1199951000000002e-05
0.43409,-0.0005711980000000001
0.43516499999999997,0.0007895970000000001
0.436239,-0.000330399
0.437314,-0.0003247990000000001
0.438388,0.0007951970000000001
0.439463,-0.0005711980000000001
0.44053699999999996,-1.1199951000000002e-05
0.441612,0.000655197
0.44268599999999997,-0.000694397
0.44376099999999996,0.00034159900000000005
0.444835,0.00043119800000000004
0.44591,-0.000739197
0.446984,0.000610397
0.448059,0.00012879944
0.449133,-0.000643997
0.450208,0.000755997
0.45128199999999996,-0.00020159900000000003
0.45235699999999995,-0.00042559800000000007
0.453431,0.000811996
0.454505,-0.000487198
0.45558,-0.000145599
0.456654,0.000716797
0.457729,-0.000671997
0.45880299999999996,0.000179199
0.45987799999999995,0.000503998
0.460952,-0.0007727970000000001
0.46202699999999997,0.0004815980000000001
0.463101,0.000229599
0.464176,-0.000716797
0.46525,0.000694397
0.466325,-8.3999632e-05
0.46739899999999995,-0.000531998
0.468474,0.0007951970000000001
0.46954799999999997,-0.000391998
0.47062299999999996,-0.000279999
0.471697,0.000755997
0.47277199999999997,-0.0006159970000000001
0.473846,3.9199832000000005e-05
0.474921,0.0005935970000000001
0.475995,-0.0007503970000000001
0.47707,0.00036399800000000003
0.47814399999999996,0.000335999
0.47921899999999995,-0.000755997
0.48029299999999997,0.0006215970000000001
0.48136799999999996,5.5999756000000005e-05
0.482442,-0.000610397
0.483517,0.0007783970000000001
0.484591,-0.00026319900000000004
0.48566499999999996,-0.00037519800000000004
0.48673999999999995,0.0008063970000000001
0.48781399999999997,-0.0005263980000000001
0.48888899999999996,-8.959960800000002e-05
0.489963,0.0006831970000000001
0.491038,-0.000699997
0.492112,0.000251999
0.493187,0.000459198
0.49426099999999995,-0.000755997
0.495336,0.000543198
0.49640999999999996,0.000179199
0.49748499999999996,-0.0006831970000000001
0.498559,0.0007279970000000001
0.49963399999999997,-0.000139999
0.5007079999999999,-0.0004815980000000001
0.501783,0.0008063970000000001
0.502857,-0.000436798
0.5039319999999999,-0.000207199
0.505006,0.0007447970000000001
0.506081,-0.0006383970000000001
0.507155,0.00011759948
0.50823,0.000559998
0.509304,-0.0007503970000000001
0.510378,0.00044239800000000004
0.5114529999999999,0.00029679900000000004
0.512527,-0.0007279970000000001
0.513602,0.0006663970000000001
0.514676,-5.599976e-06
0.515751,-0.0005711980000000001
0.516825,0.0007895970000000001
0.5179,-0.0003247990000000001
0.5189739999999999,-0.0003247990000000001
0.520049,0.0007895970000000001
0.521123,-0.0005711980000000001
0.5221979999999999,-2.2399902000000004e-05
0.523272,0.000643997
0.524347,-0.000716797
0.525421,0.000313599
0.526496,0.00040319800000000007
0.52757,-0.000755997
0.528645,0.000582397
0.5297189999999999,0.00011759948
0.530794,-0.000643997
0.531868,0.0007503970000000001
0.532943,-0.000207199
0.534017,-0.00043119800000000004
0.535092,0.0008063970000000001
0.5361659999999999,-0.0004815980000000001
0.537241,-0.00015119900000000003
0.538315,0.0007223970000000001
0.5393899999999999,-0.0006663970000000001
0.5404639999999999,0.000184799
0.541539,0.0005095980000000001
0.542613,-0.000755997
0.5436869999999999,0.0004927980000000001
0.544762,0.000235199
0.545836,-0.0007111970000000001
0.5469109999999999,0.000699997
0.5479849999999999,-7.839966400000001e-05
0.54906,-0.0005263980000000001
0.550134,0.000800797
0.551209,-0.00038639800000000004
0.552283,-0.000268799
0.553358,0.0007727970000000001
0.5544319999999999,-0.0006047970000000001
0.555507,4.479980400000001e-05
0.556581,0.000599197
0.5576559999999999,-0.0007335970000000001
0.55873,0.00037519800000000004
0.559805,0.00035279800000000003
0.560879,-0.0007447970000000001
0.561954,0.000627197
0.563028,5.0399780000000004e-05
0.564103,-0.000610397
0.5651769999999999,0.0007727970000000001
0.566252,-0.000268799
0.567326,-0.00038079800000000006
0.5684009999999999,0.000800797
0.569475,-0.0005263980000000001
0.570549,-8.3999632e-05
0.571624,0.0006831970000000001
0.5726979999999999,-0.000699997
0.573773,0.000251999
0.574847,0.000459198
0.5759219999999999,-0.000761597
0.576996,0.000543198
0.578071,0.00017359900000000003
0.579145,-0.000677597
0.58022,0.0007279970000000001
0.581294,-0.000145599
0.582369,-0.0004815980000000001
0.5834429999999999,0.0008063970000000001
0.584518,-0.000436798
0.585592,-0.000207199
0.5866669999999999,0.0007447970000000001
0.587741,-0.000643997
0.588816,0.00011759948
0.58989,0.000554398
0.590965,-0.0007503970000000001
0.592039,0.000436798
0.5931139999999999,0.00029679900000000004
0.5941879999999999,-0.0007279970000000001
0.595263,0.0006663970000000001
0.596337,-5.599976e-06
0.597411,-0.0005655980000000001
0.598486,0.0007895970000000001
0.59956,-0.0003247990000000001
0.6006349999999999,-0.0003247990000000001
0.6017089999999999,0.0007895970000000001
0.602784,-0.0005711980000000001
0.603858,-1.6799928e-05
0.6049329999999999,0.0006495970000000001
0.606007,-0.000716797
0.607082,0.000313599
0.6081559999999999,0.000408798
0.609231,-0.000755997
0.610305,0.000582397
0.6113799999999999,0.00011759948
0.6124539999999999,-0.000643997
0.613529,0.0007503970000000001
0.614603,-0.00020159900000000003
0.615678,-0.00043119800000000004
0.616752,0.0008063970000000001
0.617827,-0.0004815980000000001
0.6189009999999999,-0.00015119900000000003
0.619976,0.000716797
0.62105,-0.0006663970000000001
0.6221249999999999,0.000184799
0.623199,0.0005095980000000001
0.624274,-0.000755997
0.625348,0.0004927980000000001
0.6264219999999999,0.000235199
0.627497,-0.0007055970000000001
0.628571,0.000699997
0.6296459999999999,-7.839966400000001e-05
0.63072,-0.0005263980000000001
0.631795,0.000800797
0.632869,-0.00038639800000000004
0.633944,-0.000268799
0.635018,0.0007671970000000001
0.636093,-0.0006047970000000001
0.6371669999999999,4.479980400000001e-05
0.638242,0.0006047970000000001
0.639316,-0.000739197
0.6403909999999999,0.00037519800000000004
0.641465,0.00035279800000000003
0.64254,-0.0007447970000000001
0.643614,0.000627197
0.644689,5.0399780000000004e-05
0.645763,-0.000610397
0.646838,0.0007727970000000001
0.6479119999999999,-0.000268799
0.648987,-0.00038079800000000006
0.650061,0.000800797
0.6511359999999999,-0.000531998
0.65221,-7.839966400000001e-05
0.653285,0.0006831970000000001
0.654359,-0.000694397
0.6554329999999999,0.000251999
0.656508,0.000459198
0.657582,-0.000755997
0.6586569999999999,0.000543198
0.659731,0.000179199
0.660806,-0.000677597
0.66188,0.0007279970000000001
0.662955,-0.000139999
0.664029,-0.000475998
0.6651039999999999,0.0008063970000000001
0.6661779999999999,-0.000436798
0.667253,-0.000207199
0.668327,0.0007447970000000001
0.6694019999999999,-0.0006383970000000001
0.670476,0.00012319946399999999
0.671551,0.000559998
0.6726249999999999,-0.0007447970000000001
0.6737,0.00044239800000000004
0.674774,0.00029679900000000004
0.6758489999999999,-0.0007279970000000001
0.6769229999999999,0.0006663970000000001
0.677998,-1.1199951000000002e-05
0.679072,-0.0005655980000000001
0.680147,0.0007895970000000001
0.681221,-0.000330399
0.682295,-0.00031919900000000005
0.6833699999999999,0.0007895970000000001
0.6844439999999999,-0.0005711980000000001
0.685519,-1.1199951000000002e-05
0.686593,0.000643997
0.687668,-0.000716797
0.688742,0.0003247990000000001
0.689817,0.00039759800000000004
0.6908909999999999,-0.0007503970000000001
0.691966,0.0005879980000000001
0.69304,0.00011199951200000001
0.6941149999999999,-0.0006383970000000001
0.695189,0.000755997
0.696264,-0.00021279900000000003
0.697338,-0.00041999800000000004
0.698413,0.0008063970000000001
0.699487,-0.000487198
0.700562,-0.00013439900000000003
0.7016359999999999,0.000716797
0.702711,-0.000671997
0.703785,0.000195999
0.7048599999999999,0.000503998
0.705934,-0.000755997
0.707009,0.000498398
0.708083,0.000229599
0.709158,-0.000694397
0.710232,0.000699997
0.711306,-7.839966400000001e-05
0.7123809999999999,-0.000515198
0.713455,0.0008063970000000001
0.71453,-0.00038079800000000006
0.715604,-0.00024639900000000006
0.716679,0.0007783970000000001
0.717753,-0.000599197
0.718828,6.7199712e-05
0.7199019999999999,0.000599197
0.720977,-0.0007335970000000001
0.722051,0.00039759800000000004
0.7231259999999999,0.00035279800000000003
0.7242,-0.000739197
0.725275,0.0006383970000000001
0.726349,4.479980400000001e-05
0.727424,-0.0006047970000000001
0.728498,0.0007671970000000001
0.7295729999999999,-0.00029679900000000004
0.7306469999999999,-0.00038079800000000006
0.731722,0.000783997
0.732796,-0.0005487980000000001
0.7338709999999999,-8.3999632e-05
0.734945,0.000671997
0.73602,-0.000699997
0.7370939999999999,0.00026319900000000004
0.738169,0.00045359800000000004
0.739243,-0.0007503970000000001
0.740317,0.0005487980000000001
0.7413919999999999,0.00016239900000000003
0.742466,-0.0006663970000000001
0.743541,0.0007279970000000001
0.7446149999999999,-0.000145599
0.74569,-0.000459198
0.746764,0.000817597
0.7478389999999999,-0.000436798
0.7489129999999999,-0.000184799
0.749988,0.0007503970000000001
0.751062,-0.0006383970000000001
0.752137,0.000139999
0.753211,0.000554398
0.754286,-0.0007447970000000001
0.7553599999999999,0.00045359800000000004
0.756435,0.000302399
0.757509,-0.0007111970000000001
0.7585839999999999,0.0006831970000000001
0.7596579999999999,-1.1199951000000002e-05
0.760733,-0.000559998
0.761807,0.000800797
0.762882,-0.000330399
0.763956,-0.000313599
0.765031,0.000800797
0.7661049999999999,-0.000576798
0.76718,5.599976e-06
0.768254,0.0006383970000000001
0.769328,-0.0007223970000000001
0.770403,0.000335999
0.771477,0.00039759800000000004
0.772552,-0.0007503970000000001
0.7736259999999999,0.000599197
0.774701,0.00010079956000000001
0.775775,-0.0006383970000000001
0.7768499999999999,0.000761597
0.777924,-0.000223999
0.778999,-0.00041999800000000004
0.780073,0.000811996
0.781148,-0.0004927980000000001
0.782222,-0.00012319946399999999
0.7832969999999999,0.000716797
0.7843709999999999,-0.000677597
0.785446,0.00020159900000000003
0.78652,0.000503998
0.7875949999999999,-0.000761597
0.788669,0.0005095980000000001
0.789744,0.000235199
0.7908179999999999,-0.000699997
0.791893,0.000716797
0.792967,-8.3999632e-05
0.7940419999999999,-0.000515198
0.7951159999999999,0.000817597
0.79619,-0.00039759800000000004
0.797265,-0.00024639900000000006
0.7983389999999999,0.0007783970000000001
0.799414,-0.000610397
0.800488,7.279968000000001e-05
0.8015629999999999,0.0006047970000000001
0.8026369999999999,-0.000739197
0.803712,0.00040319800000000007
0.804786,0.00035279800000000003
0.8058609999999999,-0.000739197
0.806935,0.0006495970000000001
0.80801,5.0399780000000004e-05
0.8090839999999999,-0.000599197
0.810159,0.0007951970000000001
0.811233,-0.000279999
0.8123079999999999,-0.00036399800000000003
0.8133819999999999,0.000811996
0.814457,-0.000537598
0.815531,-6.7199712e-05
0.8166059999999999,0.000688797
0.81768,-0.000699997
0.818755,0.00027439900000000004
0.8198289999999999,0.00045359800000000004
0.820904,-0.000761597
0.821978,0.000559998
0.823052,0.00017359900000000003
0.8241269999999999,-0.0006663970000000001
0.825201,0.0007447970000000001
0.826276,-0.000145599
0.8273499999999999,-0.00045359800000000004
0.828425,0.0008231960000000001
0.829499,-0.00044239800000000004
0.8305739999999999,-0.000179199
0.8316479999999999,0.000755997
0.832723,-0.000643997
0.833797,0.00015119900000000003
0.834872,0.000554398
0.835946,-0.0007503970000000001
0.837021,0.000470398
0.8380949999999999,0.000291199
0.83917,-0.000716797
0.840244,0.000688797
0.8413189999999999,-2.2399902000000004e-05
0.842393,-0.0005487980000000001
0.843468,0.0008063970000000001
0.844542,-0.000347199
0.845617,-0.00029679900000000004
0.846691,0.000800797
0.8477659999999999,-0.000576798
0.8488399999999999,1.6799928e-05
0.849915,0.000643997
0.850989,-0.0007279970000000001
0.8520639999999999,0.000347199
0.853138,0.00039759800000000004
0.854212,-0.000755997
0.8552869999999999,0.000610397
0.8563609999999999,0.00010079956000000001
0.857436,-0.000632797
0.85851,0.0007783970000000001
0.8595849999999999,-0.000223999
0.860659,-0.000408798
0.861734,0.0008231960000000001
0.8628079999999999,-0.000498398
0.863883,-0.00012319946399999999
0.864957,0.000716797
0.8660319999999999,-0.0006831970000000001
0.8671059999999999,0.00021279900000000003
0.868181,0.000503998
0.869255,-0.000761597
0.8703299999999999,0.000515198
0.871404,0.000223999
0.872479,-0.000699997
0.8735529999999999,0.0007223970000000001
0.874628,-0.00010079956000000001
0.875702,-0.0005095980000000001
0.8767769999999999,0.000817597
0.8778509999999999,-0.00040319800000000007
0.878926,-0.00024079900000000004
0.88,0.0007783970000000001
0.8810749999999999,-0.0006159970000000001
0.882149,8.959960800000002e-05
0.883223,0.000599197
0.8842979999999999,-0.000739197
0.8853719999999999,0.000414398
0.886447,0.00034159900000000005
0.887521,-0.000739197
0.8885959999999999,0.000655197
0.88967,3.9199832000000005e-05
0.890745,-0.0005935970000000001
0.8918189999999999,0.0008063970000000001
0.892894,-0.00028559900000000004
0.893968,-0.00035279800000000003
0.8950429999999999,0.0008231960000000001
0.8961169999999999,-0.000543198
0.897192,-3.3599856e-05
0.898266,0.0007111970000000001
0.899341,-0.000688797
0.900415,0.0003247990000000001
0.90149,0.000470398
0.9025639999999999,-0.000761597
0.903639,0.0005879980000000001
0.904713,0.000167999
0.9057879999999999,-0.000671997
0.906862,0.000761597
0.907937,-0.000167999
0.909011,-0.000459198
0.9100849999999999,0.000834396
0.91116,-0.00046479800000000004
0.912234,-0.00017359900000000003
0.9133089999999999,0.000761597
0.914383,-0.000660797
0.915458,0.00016239900000000003
0.916532,0.000554398
0.917607,-0.0007671970000000001
0.918681,0.0004815980000000001
0.9197559999999999,0.000279999
0.9208299999999999,-0.0007279970000000001
0.921905,0.0007055970000000001
0.922979,-3.9199832000000005e-05
0.9240539999999999,-0.000554398
0.925128,0.0008231960000000001
0.926203,-0.00036399800000000003
0.9272769999999999,-0.00029679900000000004
0.928352,0.000800797
0.929426,-0.000599197
0.9305009999999999,2.2399902000000004e-05
0.9315749999999999,0.0006383970000000001
0.93265,-0.0007447970000000001
0.933724,0.00036399800000000003
0.9347989999999999,0.000391998
0.935873,-0.000761597
0.936947,0.000627197
0.9380219999999999,8.3999632e-05
0.9390959999999999,-0.0006383970000000001
0.940171,0.0007783970000000001
0.941245,-0.00024079900000000004
0.9423199999999999,-0.00040319800000000007
0.943394,0.0008231960000000001
0.944469,-0.000515198
0.9455429999999999,-0.000106399544
0.946618,0.0007111970000000001
0.947692,-0.000694397
0.9487669999999999,0.000229599
0.9498409999999999,0.0004927980000000001
0.950916,-0.0007671970000000001
0.95199,0.000537598
0.9530649999999999,0.000207199
0.954139,-0.000694397
0.955214,0.0007279970000000001
0.9562879999999999,-0.00011199951200000001
0.957363,-0.000498398
0.958437,0.0008231960000000001
0.9595119999999999,-0.00041999800000000004
0.9605859999999999,-0.000229599
0.961661,0.0007727970000000001
0.962735,-0.000632797
0.96381,9.5199592e-05
0.964884,0.0005879980000000001
0.9659589999999999,-0.0007503970000000001
0.9670329999999999,0.00042559800000000007
0.9681069999999999,0.0003247990000000001
0.969182,-0.000739197
0.970256,0.0006663970000000001
0.9713309999999999,1.1199951000000002e-05
0.972405,-0.000582397
0.9734799999999999,0.0008063970000000001
0.9745539999999999,-0.000307999
0.975629,-0.00034159900000000005
0.976703,0.000811996
0.9777779999999999,-0.000559998
0.9788519999999999,-2.7999878000000003e-05
0.979927,0.0006663970000000001
0.9810009999999999,-0.000716797
0.982076,0.000307999
0.98315,0.00043119800000000004
0.9842249999999999,-0.0007671970000000001
0.9852989999999999,0.000582397
0.986374,0.000139999
0.987448,-0.000660797
0.9885229999999999,0.000761597
0.989597,-0.000184799
0.990672,-0.00044239800000000004
0.9917459999999999,0.000828796
0.992821,-0.000475998
0.993895,-0.000156799
0.9949699999999999,0.000739197
0.9960439999999999,-0.0006663970000000001
0.997118,0.000179199
0.998193,0.000531998
0.9992669999999999,-0.000761597
1.000342,0.0004927980000000001
1.0014159999999999,0.000257599
1.002491,-0.000716797
1.003565,0.0007055970000000001
1.00464,-5.5999756000000005e-05
1.005714,-0.000543198
1.006789,0.000817597
1.007863,-0.00037519800000000004
1.008938,-0.000279999
1.010012,0.0007951970000000001
1.0110869999999998,-0.0006047970000000001
1.0121609999999999,3.9199832000000005e-05
1.013236,0.0006215970000000001
1.01431,-0.0007447970000000001
1.015385,0.00038639800000000004
1.016459,0.000391998
1.017534,-0.0007727970000000001
1.018608,0.0006383970000000001
1.019683,6.159973199999999e-05
1.020757,-0.0006383970000000001
1.0218319999999999,0.000800797
1.0229059999999999,-0.00026319900000000004
1.023981,-0.000391998
1.025055,0.000834396
1.0261289999999998,-0.000537598
1.027204,-8.959960800000002e-05
1.028278,0.0007111970000000001
1.029353,-0.000716797
1.030427,0.000257599
1.031502,0.000487198
1.032576,-0.000783997
1.0336509999999999,0.000559998
1.034725,0.000195999
1.0358,-0.000699997
1.0368739999999999,0.000755997
1.037949,-0.000139999
1.039023,-0.0004927980000000001
1.040098,0.0008399960000000001
1.041172,-0.00044239800000000004
1.042247,-0.00021279900000000003
1.043321,0.0007783970000000001
1.0443959999999999,-0.000655197
1.04547,0.00012319946399999999
1.046545,0.000582397
1.0476189999999999,-0.0007727970000000001
1.048694,0.00045359800000000004
1.049768,0.000313599
1.050843,-0.0007503970000000001
1.051917,0.000688797
1.052991,0.0
1.054066,-0.000582397
1.05514,0.000828796
1.056215,-0.000330399
1.057289,-0.0003247990000000001
1.0583639999999999,0.0008231960000000001
1.0594379999999999,-0.000582397
1.060513,-1.1199951000000002e-05
1.061587,0.000671997
1.062662,-0.000739197
1.063736,0.000330399
1.064811,0.00042559800000000007
1.065885,-0.0007783970000000001
1.06696,0.000610397
1.068034,0.00012319946399999999
1.0691089999999999,-0.000660797
1.0701829999999999,0.000783997
1.071258,-0.000207199
1.0723319999999998,-0.000436798
1.073407,0.000845596
1.074481,-0.000498398
1.075556,-0.000145599
1.07663,0.0007447970000000001
1.077705,-0.000688797
1.078779,0.00020159900000000003
1.079853,0.0005263980000000001
1.0809279999999999,-0.0007783970000000001
1.082002,0.000520798
1.0830769999999998,0.00024639900000000006
1.0841509999999999,-0.0007223970000000001
1.085226,0.0007335970000000001
1.0863,-8.3999632e-05
1.087375,-0.000537598
1.088449,0.000834396
1.089524,-0.00040319800000000007
1.090598,-0.000268799
1.091673,0.000800797
1.092747,-0.000627197
1.0938219999999998,6.159973199999999e-05
1.0948959999999999,0.0006215970000000001
1.095971,-0.000761597
1.097045,0.00040319800000000007
1.09812,0.00036399800000000003
1.099194,-0.000761597
1.100269,0.000660797
1.101343,4.479980400000001e-05
1.102418,-0.0006215970000000001
1.103492,0.0008063970000000001
1.1045669999999999,-0.000291199
1.1056409999999999,-0.00038079800000000006
1.106716,0.000828796
1.10779,-0.000554398
1.1088639999999998,-6.7199712e-05
1.109939,0.000699997
1.111013,-0.0007279970000000001
1.112088,0.00027439900000000004
1.113162,0.000459198
1.114237,-0.000783997
1.115311,0.000582397
1.1163859999999999,0.000195999
1.11746,-0.0007111970000000001
1.118535,0.0007447970000000001
1.1196089999999999,-0.00017359900000000003
1.120684,-0.000475998
1.121758,0.000834396
1.122833,-0.00046479800000000004
1.123907,-0.00019039900000000003
1.124982,0.0007671970000000001
1.126056,-0.000671997
1.1271309999999999,0.000145599
1.128205,0.000554398
1.1292799999999998,-0.0007783970000000001
1.1303539999999999,0.00046479800000000004
1.131429,0.00028559900000000004
1.132503,-0.0007503970000000001
1.133578,0.0007055970000000001
1.134652,-3.3599856e-05
1.135727,-0.0005711980000000001
1.136801,0.0008231960000000001
1.1378759999999999,-0.000358398
1.13895,-0.000313599
1.140024,0.000811996
1.1410989999999999,-0.0006047970000000001
1.1421729999999999,5.599976e-06
1.143248,0.000655197
1.1443219999999998,-0.0007503970000000001
1.145397,0.00035279800000000003
1.146471,0.00039759800000000004
1.147546,-0.0007783970000000001
1.14862,0.000627197
1.149695,8.959960800000002e-05
1.150769,-0.0006495970000000001
1.1518439999999999,0.0007895970000000001
1.1529179999999999,-0.00024639900000000006
1.153993,-0.00041999800000000004
1.1550669999999998,0.000828796
1.156142,-0.0005263980000000001
1.157216,-0.00011759948
1.158291,0.0007223970000000001
1.159365,-0.0007055970000000001
1.16044,0.000223999
1.161514,0.000498398
1.1625889999999999,-0.000783997
1.163663,0.000531998
1.164738,0.00021279900000000003
1.1658119999999998,-0.000716797
1.166887,0.000739197
1.167961,-0.00011199951200000001
1.169035,-0.000515198
1.17011,0.000834396
1.171184,-0.00041999800000000004
1.172259,-0.00024079900000000004
1.173333,0.000783997
1.174408,-0.000643997
1.175482,8.959960800000002e-05
1.1765569999999999,0.0005935970000000001
1.1776309999999999,-0.0007671970000000001
1.178706,0.00042559800000000007
1.17978,0.0003247990000000001
1.180855,-0.000761597
1.181929,0.000671997
1.183004,1.6799928e-05
1.184078,-0.0006047970000000001
1.185153,0.000811996
1.186227,-0.000313599
1.1873019999999999,-0.00035279800000000003
1.1883759999999999,0.0008231960000000001
1.189451,-0.0005711980000000001
1.190525,-3.9199832000000005e-05
1.1916,0.0006831970000000001
1.192674,-0.0007335970000000001
1.193749,0.000302399
1.194823,0.00044239800000000004
1.195898,-0.000783997
1.196972,0.0005935970000000001
1.198046,0.000145599
1.1991209999999999,-0.000677597
1.200195,0.0007671970000000001
1.2012699999999998,-0.00019039900000000003
1.2023439999999999,-0.00045359800000000004
1.203419,0.000834396
1.204493,-0.0004815980000000001
1.205568,-0.000167999
1.206642,0.000755997
1.207717,-0.0006831970000000001
1.208791,0.00017359900000000003
1.2098659999999999,0.000537598
1.21094,-0.0007783970000000001
1.2120149999999998,0.0004927980000000001
1.2130889999999999,0.000257599
1.214164,-0.0007335970000000001
1.215238,0.000716797
1.216313,-6.7199712e-05
1.217387,-0.000554398
1.218462,0.0008231960000000001
1.219536,-0.00038079800000000006
1.220611,-0.00028559900000000004
1.221685,0.000800797
1.2227599999999998,-0.0006215970000000001
1.2238339999999999,3.9199832000000005e-05
1.2249079999999999,0.000632797
1.225983,-0.000755997
1.2270569999999998,0.00038079800000000006
1.228132,0.000369598
1.229206,-0.0007671970000000001
1.230281,0.000643997
1.231355,6.159973199999999e-05
1.23243,-0.000632797
1.233504,0.000800797
1.2345789999999999,-0.000268799
1.235653,-0.00038639800000000004
1.236728,0.000828796
1.2378019999999998,-0.000543198
1.238877,-8.959960800000002e-05
1.239951,0.0007055970000000001
1.241026,-0.000716797
1.2421,0.000257599
1.243175,0.000475998
1.244249,-0.000783997
1.2453239999999999,0.000554398
1.246398,0.000184799
1.247473,-0.000699997
1.2485469999999999,0.0007503970000000001
1.249622,-0.000145599
1.250696,-0.0004815980000000001
1.25177,0.0008231960000000001
1.252845,-0.00044239800000000004
1.253919,-0.000207199
1.254994,0.000761597
1.256068,-0.0006495970000000001
1.257143,0.00012319946399999999
1.258217,0.0005655980000000001
1.2592919999999999,-0.000761597
1.2603659999999999,0.000447998
1.261441,0.000302399
1.262515,-0.000739197
1.26359,0.000677597
1.264664,-1.1199951000000002e-05
1.265739,-0.0005711980000000001
1.266813,0.000800797
1.267888,-0.00034159900000000005
1.268962,-0.0003247990000000001
1.2700369999999999,0.0007951970000000001
1.2711109999999999,-0.0005879980000000001
1.272186,-1.1199951000000002e-05
1.2732599999999998,0.000643997
1.274335,-0.000739197
1.275409,0.0003247990000000001
1.276484,0.00040319800000000007
1.277558,-0.0007727970000000001
1.278632,0.0006047970000000001
1.279707,0.000106399544
1.280781,-0.0006495970000000001
1.2818559999999999,0.0007727970000000001
1.28293,-0.000223999
1.2840049999999998,-0.00042559800000000007
1.2850789999999999,0.0008231960000000001
1.286154,-0.000503998
1.287228,-0.00013439900000000003
1.288303,0.0007279970000000001
1.289377,-0.000688797
1.290452,0.000207199
1.291526,0.0005095980000000001
1.2926009999999999,-0.0007783970000000001
1.293675,0.000515198
1.2947499999999998,0.000229599
1.2958239999999999,-0.000716797
1.296899,0.0007279970000000001
1.297973,-8.959960800000002e-05
1.299048,-0.000520798
1.300122,0.0008231960000000001
1.301197,-0.00040319800000000007
1.302271,-0.000251999
1.303346,0.0007895970000000001
1.30442,-0.000632797
1.305494,6.7199712e-05
1.3065689999999999,0.0005935970000000001
1.3076429999999999,-0.000761597
1.308718,0.00041999800000000004
1.3097919999999998,0.00034159900000000005
1.310867,-0.000761597
1.311941,0.000655197
1.313016,3.3599856e-05
1.31409,-0.000610397
1.315165,0.000811996
1.316239,-0.00029679900000000004
1.3173139999999999,-0.00036399800000000003
1.318388,0.000817597
1.3194629999999998,-0.000559998
1.3205369999999998,-5.5999756000000005e-05
1.321612,0.000688797
1.322686,-0.0007223970000000001
1.323761,0.00028559900000000004
1.324835,0.00044239800000000004
1.32591,-0.0007783970000000001
1.326984,0.000582397
1.3280589999999999,0.000156799
1.329133,-0.000677597
1.3302079999999998,0.000755997
1.3312819999999999,-0.000179199
1.332357,-0.00046479800000000004
1.333431,0.000834396
1.334506,-0.000475998
1.33558,-0.00017359900000000003
1.336654,0.0007503970000000001
1.337729,-0.000671997
1.338803,0.000156799
1.339878,0.0005487980000000001
1.340952,-0.0007727970000000001
1.3420269999999999,0.0004815980000000001
1.3431009999999999,0.00027439900000000004
1.344176,-0.0007335970000000001
1.3452499999999998,0.0007055970000000001
1.346325,-5.0399780000000004e-05
1.347399,-0.000554398
1.348474,0.0008231960000000001
1.349548,-0.00037519800000000004
1.350623,-0.000302399
1.351697,0.000800797
1.3527719999999999,-0.000610397
1.3538459999999999,2.7999878000000003e-05
1.354921,0.000632797
1.3559949999999998,-0.000755997
1.35707,0.000369598
1.358144,0.00038079800000000006
1.359219,-0.0007727970000000001
1.360293,0.000627197
1.361368,7.279968000000001e-05
1.362442,-0.0006383970000000001
1.3635169999999999,0.0007895970000000001
1.3645909999999999,-0.000251999
1.365665,-0.00039759800000000004
1.3667399999999998,0.000828796
1.3678139999999999,-0.000531998
1.368889,-0.00010079956000000001
1.369963,0.0007111970000000001
1.371038,-0.0007111970000000001
1.372112,0.00024639900000000006
1.373187,0.000487198
1.374261,-0.0007783970000000001
1.375336,0.000543198
1.37641,0.00020159900000000003
1.3774849999999998,-0.0007055970000000001
1.3785589999999999,0.000739197
1.379634,-0.00013439900000000003
1.380708,-0.000498398
1.381783,0.000834396
1.382857,-0.00044239800000000004
1.383932,-0.000218399
1.385006,0.0007727970000000001
1.386081,-0.000655197
1.387155,0.00011199951200000001
1.3882299999999999,0.000582397
1.3893039999999999,-0.0007671970000000001
1.390379,0.00044239800000000004
1.3914529999999998,0.000307999
1.392528,-0.000755997
1.393602,0.000677597
1.394677,0.0
1.395751,-0.0005879980000000001
1.396825,0.000811996
1.3979,-0.000330399
1.398974,-0.000335999
1.4000489999999999,0.000817597
1.401123,-0.000582397
1.4021979999999998,-2.2399902000000004e-05
1.4032719999999999,0.000660797
1.404347,-0.000739197
1.405421,0.0003247990000000001
1.406496,0.00041999800000000004
1.40757,-0.0007783970000000001
1.408645,0.000599197
1.409719,0.00011759948
1.4107939999999999,-0.0006663970000000001
1.411868,0.0007727970000000001
1.4129429999999998,-0.00021279900000000003
1.4140169999999999,-0.00044239800000000004
1.415092,0.000828796
1.416166,-0.000503998
1.417241,-0.000145599
1.418315,0.0007335970000000001
1.41939,-0.000688797
1.420464,0.000195999
1.4215389999999999,0.000515198
1.422613,-0.0007783970000000001
1.4236879999999998,0.0005095980000000001
1.4247619999999999,0.000235199
1.4258359999999999,-0.0007223970000000001
1.426911,0.0007223970000000001
1.4279849999999998,-8.959960800000002e-05
1.42906,-0.000531998
1.430134,0.0008231960000000001
1.431209,-0.00040319800000000007
1.432283,-0.00026319900000000004
1.433358,0.000783997
1.434432,-0.000627197
1.4355069999999999,6.159973199999999e-05
1.4365809999999999,0.0006047970000000001
1.437656,-0.000761597
1.4387299999999998,0.00040319800000000007
1.439805,0.000347199
1.440879,-0.000761597
1.441954,0.000655197
1.443028,3.9199832000000005e-05
1.444103,-0.0006159970000000001
1.445177,0.0007951970000000001
1.4462519999999999,-0.000291199
1.447326,-0.00037519800000000004
1.4484009999999998,0.000817597
1.4494749999999998,-0.000554398
1.45055,-6.7199712e-05
1.451624,0.000688797
1.452698,-0.0007223970000000001
1.453773,0.000279999
1.454847,0.000447998
1.455922,-0.0007783970000000001
1.456996,0.0005711980000000001
1.458071,0.00016239900000000003
1.459145,-0.0006831970000000001
1.4602199999999999,0.000761597
1.4612939999999999,-0.00017359900000000003
1.462369,-0.000475998
1.4634429999999998,0.000828796
1.464518,-0.00046479800000000004
1.465592,-0.00019039900000000003
1.466667,0.000755997
1.467741,-0.000671997
1.468816,0.00015119900000000003
1.46989,0.0005487980000000001
1.4709649999999999,-0.0007727970000000001
1.4720389999999999,0.000475998
1.473114,0.00027439900000000004
1.4741879999999998,-0.000739197
1.475263,0.000699997
1.476337,-3.9199832000000005e-05
1.477412,-0.000559998
1.478486,0.000817597
1.47956,-0.000369598
1.480635,-0.000302399
1.481709,0.000800797
1.4827839999999999,-0.0006047970000000001
1.483858,2.2399902000000004e-05
1.4849329999999998,0.000632797
1.4860069999999999,-0.0007503970000000001
1.487082,0.000358398
1.488156,0.00038079800000000006
1.489231,-0.0007671970000000001
1.490305,0.000627197
1.49138,7.839966400000001e-05
1.492454,-0.0006383970000000001
1.4935289999999999,0.000783997
1.494603,-0.000251999
1.4956779999999998,-0.000408798
1.4967519999999999,0.0008231960000000001
1.497827,-0.0005263980000000001
1.498901,-0.000106399544
1.499976,0.0007111970000000001
1.498901,-0.0007055970000000001
1.497827,0.000235199
1.4967519999999999,0.000487198
1.4956779999999998,-0.0007783970000000001
1.494603,0.000543198
1.4935289999999999,0.000195999
1.492454,-0.0007055970000000001
1.49138,0.000739197
1.490305,-0.00012879944
1.489231,-0.000503998
1.488156,0.000828796
1.487082,-0.000436798
1.4860069999999999,-0.000223999
1.4849329999999998,0.0007727970000000001
1.483858,-0.0006495970000000001
1.4827839999999999,0.000106399544
1.481709,0.000576798
1.480635,-0.0007671970000000001
1.47956,0.000436798
1.478486,0.000313599
1.477412,-0.0007503970000000001
1.476337,0.000671997
1.475263,-5.599976e-06
1.4741879999999998,-0.0005879980000000001
1.473114,0.000811996
1.4720389999999999,-0.000330399
1.4709649999999999,-0.000335999
1.46989,0.000811996
1.468816,-0.000582397
1.467741,-2.2399902000000004e-05
1.466667,0.000655197
1.465592,-0.0007335970000000001
1.464518,0.00031919900000000005
1.4634429999999998,0.00041999800000000004
1.462369,-0.0007727970000000001
1.4612939999999999,0.000599197
1.4602199999999999,0.00011759948
1.459145,-0.000660797
1.458071,0.0007727970000000001
1.456996,-0.00021279900000000003
1.455922,-0.000436798
1.454847,0.000828796
1.453773,-0.000498398
1.452698,-0.000145599
1.451624,0.0007335970000000001
1.45055,-0.000694397
1.4494749999999998,0.000195999
1.4484009999999998,0.000515198
1.447326,-0.0007783970000000001
1.4462519999999999,0.000503998
1.445177,0.000235199
1.444103,-0.0007223970000000001
1.443028,0.000716797
1.441954,-8.959960800000002e-05
1.440879,-0.0005263980000000001
1.439805,0.0008231960000000001
1.4387299999999998,-0.00040319800000000007
1.437656,-0.00026319900000000004
1.4365809999999999,0.000783997
1.4355069999999999,-0.000627197
1.434432,6.159973199999999e-05
1.433358,0.0006047970000000001
1.432283,-0.000755997
1.431209,0.00040319800000000007
1.430134,0.000347199
1.42906,-0.000761597
1.4279849999999998,0.0006495970000000001
1.426911,3.3599856e-05
1.4258359999999999,-0.000610397
1.4247619999999999,0.000800797
1.4236879999999998,-0.000291199
1.422613,-0.000369598
1.4215389999999999,0.0008231960000000001
1.420464,-0.000554398
1.41939,-6.159973199999999e-05
1.418315,0.000688797
1.417241,-0.0007223970000000001
1.416166,0.000279999
1.415092,0.000447998
1.4140169999999999,-0.0007783970000000001
1.4129429999999998,0.0005711980000000001
1.411868,0.000156799
1.4107939999999999,-0.0006831970000000001
1.409719,0.000755997
1.408645,-0.000167999
1.40757,-0.000470398
1.406496,0.000828796
1.405421,-0.000470398
1.404347,-0.000184799
1.4032719999999999,0.0007503970000000001
1.4021979999999998,-0.000671997
1.401123,0.00015119900000000003
1.4000489999999999,0.0005487980000000001
1.398974,-0.0007727970000000001
1.3979,0.000470398
1.396825,0.000268799
1.395751,-0.000739197
1.394677,0.000699997
1.393602,-4.479980400000001e-05
1.392528,-0.000559998
1.3914529999999998,0.000817597
1.390379,-0.000369598
1.3893039999999999,-0.000302399
1.3882299999999999,0.000800797
1.387155,-0.000610397
1.386081,2.2399902000000004e-05
1.385006,0.000632797
1.383932,-0.0007503970000000001
1.382857,0.00036399800000000003
1.381783,0.00038079800000000006
1.380708,-0.0007727970000000001
1.379634,0.000627197
1.3785589999999999,7.839966400000001e-05
1.3774849999999998,-0.0006383970000000001
1.37641,0.0007895970000000001
1.375336,-0.000257599
1.374261,-0.00040319800000000007
1.373187,0.000828796
1.372112,-0.000531998
1.371038,-0.00010079956000000001
1.369963,0.0007111970000000001
1.368889,-0.0007111970000000001
1.3678139999999999,0.00024079900000000004
1.3667399999999998,0.0004815980000000001
1.365665,-0.000783997
1.3645909999999999,0.000543198
1.3635169999999999,0.00019039900000000003
1.362442,-0.0007055970000000001
1.361368,0.000739197
1.360293,-0.000139999
1.359219,-0.000498398
1.358144,0.000828796
1.35707,-0.00044239800000000004
1.3559949999999998,-0.000218399
1.354921,0.0007671970000000001
1.3538459999999999,-0.000655197
1.3527719999999999,0.00011199951200000001
1.351697,0.000576798
1.350623,-0.0007727970000000001
1.349548,0.00044239800000000004
1.348474,0.000302399
1.347399,-0.0007503970000000001
1.346325,0.000677597
1.3452499999999998,-1.1199951000000002e-05
1.344176,-0.0005879980000000001
1.3431009999999999,0.000811996
1.3420269999999999,-0.000335999
1.340952,-0.0003247990000000001
1.339878,0.0008063970000000001
1.338803,-0.0005879980000000001
1.337729,-1.1199951000000002e-05
1.336654,0.000655197
1.33558,-0.000739197
1.334506,0.000330399
1.333431,0.000408798
1.332357,-0.0007783970000000001
1.3312819999999999,0.0006047970000000001
1.3302079999999998,0.000106399544
1.329133,-0.000660797
1.3280589999999999,0.0007783970000000001
1.326984,-0.000223999
1.32591,-0.00043119800000000004
1.324835,0.000828796
1.323761,-0.0005095980000000001
1.322686,-0.000139999
1.321612,0.0007223970000000001
1.3205369999999998,-0.000694397
1.3194629999999998,0.000207199
1.318388,0.000503998
1.3173139999999999,-0.000783997
1.316239,0.000515198
1.315165,0.000223999
1.31409,-0.000716797
1.313016,0.0007279970000000001
1.311941,-9.5199592e-05
1.310867,-0.000520798
1.3097919999999998,0.0008231960000000001
1.308718,-0.000414398
1.3076429999999999,-0.000251999
1.3065689999999999,0.000783997
1.305494,-0.000632797
1.30442,7.839966400000001e-05
1.303346,0.000599197
1.302271,-0.000761597
1.301197,0.000408798
1.300122,0.000335999
1.299048,-0.000761597
1.297973,0.0006663970000000001
1.296899,2.2399902000000004e-05
1.2958239999999999,-0.0006047970000000001
1.2947499999999998,0.0008063970000000001
1.293675,-0.000302399
1.2926009999999999,-0.00036399800000000003
1.291526,0.000811996
1.290452,-0.0005655980000000001
1.289377,-5.0399780000000004e-05
1.288303,0.000671997
1.287228,-0.0007279970000000001
1.286154,0.000291199
1.2850789999999999,0.00044239800000000004
1.2840049999999998,-0.0007783970000000001
1.28293,0.000582397
1.2818559999999999,0.000145599
1.280781,-0.000677597
1.279707,0.000761597
1.278632,-0.00019039900000000003
1.277558,-0.000459198
1.276484,0.000828796
1.275409,-0.0004815980000000001
1.274335,-0.000167999
1.2732599999999998,0.0007447970000000001
1.272186,-0.0006831970000000001
1.2711109999999999,0.000167999
1.2700369999999999,0.000531998
1.268962,-0.0007783970000000001
1.267888,0.0004927980000000001
1.266813,0.000257599
1.265739,-0.0007279970000000001
1.264664,0.0007111970000000001
1.26359,-6.159973199999999e-05
1.262515,-0.0005487980000000001
1.261441,0.0008231960000000001
1.2603659999999999,-0.00038639800000000004
1.2592919999999999,-0.000279999
1.258217,0.0007895970000000001
1.257143,-0.0006215970000000001
1.256068,4.479980400000001e-05
1.254994,0.0006215970000000001
1.253919,-0.000755997
1.252845,0.00038079800000000006
1.25177,0.00036399800000000003
1.250696,-0.0007671970000000001
1.249622,0.000643997
1.2485469999999999,5.5999756000000005e-05
1.247473,-0.000627197
1.246398,0.0007951970000000001
1.2453239999999999,-0.000279999
1.244249,-0.00038639800000000004
1.243175,0.0008231960000000001
1.2421,-0.0005487980000000001
1.241026,-8.3999632e-05
1.239951,0.000694397
1.238877,-0.000716797
1.2378019999999998,0.00026319900000000004
1.236728,0.000459198
1.235653,-0.000783997
1.2345789999999999,0.000554398
1.233504,0.00017359900000000003
1.23243,-0.000694397
1.231355,0.0007447970000000001
1.230281,-0.000156799
1.229206,-0.000487198
1.228132,0.000828796
1.2270569999999998,-0.000459198
1.225983,-0.00020159900000000003
1.2249079999999999,0.000755997
1.2238339999999999,-0.0006663970000000001
1.2227599999999998,0.00013439900000000003
1.221685,0.000559998
1.220611,-0.0007727970000000001
1.219536,0.00046479800000000004
1.218462,0.00028559900000000004
1.217387,-0.0007447970000000001
1.216313,0.000688797
1.215238,-2.7999878000000003e-05
1.214164,-0.0005711980000000001
1.2130889999999999,0.000811996
1.2120149999999998,-0.000358398
1.21094,-0.000313599
1.2098659999999999,0.000800797
1.208791,-0.000599197
1.207717,5.599976e-06
1.206642,0.000643997
1.205568,-0.0007447970000000001
1.204493,0.000347199
1.203419,0.000391998
1.2023439999999999,-0.0007727970000000001
1.2012699999999998,0.0006215970000000001
1.200195,8.3999632e-05
1.1991209999999999,-0.000643997
1.198046,0.000783997
1.196972,-0.00024639900000000006
1.195898,-0.000414398
1.194823,0.0008231960000000001
1.193749,-0.000520798
1.192674,-0.00011759948
1.1916,0.0007111970000000001
1.190525,-0.0007055970000000001
1.189451,0.000229599
1.1883759999999999,0.000487198
1.1873019999999999,-0.000783997
1.186227,0.000537598
1.185153,0.000207199
1.184078,-0.0007055970000000001
1.183004,0.0007335970000000001
1.181929,-0.00012319946399999999
1.180855,-0.0005095980000000001
1.17978,0.0008231960000000001
1.178706,-0.000436798
1.1776309999999999,-0.000229599
1.1765569999999999,0.0007727970000000001
1.175482,-0.0006495970000000001
1.174408,0.00010079956000000001
1.173333,0.000576798
1.172259,-0.0007671970000000001
1.171184,0.000436798
1.17011,0.000313599
1.169035,-0.000755997
1.167961,0.000671997
1.166887,-5.599976e-06
1.1658119999999998,-0.0005935970000000001
1.164738,0.000811996
1.163663,-0.000330399
1.1625889999999999,-0.000335999
1.161514,0.000811996
1.16044,-0.000582397
1.159365,-2.7999878000000003e-05
1.158291,0.000660797
1.157216,-0.000739197
1.156142,0.00031919900000000005
1.1550669999999998,0.000414398
1.153993,-0.0007783970000000001
1.1529179999999999,0.000599197
1.1518439999999999,0.00011759948
1.150769,-0.0006663970000000001
1.149695,0.0007727970000000001
1.14862,-0.000218399
1.147546,-0.000436798
1.146471,0.000828796
1.145397,-0.000503998
1.1443219999999998,-0.000145599
1.143248,0.0007279970000000001
1.1421729999999999,-0.000688797
1.1410989999999999,0.00020159900000000003
1.140024,0.0005095980000000001
1.13895,-0.0007783970000000001
1.1378759999999999,0.0005095980000000001
1.136801,0.000223999
1.135727,-0.0007223970000000001
1.134652,0.0007223970000000001
1.133578,-9.5199592e-05
1.132503,-0.0005263980000000001
1.131429,0.0008231960000000001
1.1303539999999999,-0.000414398
1.1292799999999998,-0.000257599
1.128205,0.0007783970000000001
1.1271309999999999,-0.000632797
1.126056,7.279968000000001e-05
1.124982,0.000599197
1.123907,-0.0007671970000000001
1.122833,0.000408798
1.121758,0.00034159900000000005
1.120684,-0.000761597
1.1196089999999999,0.000655197
1.118535,2.2399902000000004e-05
1.11746,-0.000610397
1.1163859999999999,0.000800797
1.115311,-0.000307999
1.114237,-0.00036399800000000003
1.113162,0.000811996
1.112088,-0.0005655980000000001
1.111013,-5.0399780000000004e-05
1.109939,0.000671997
1.1088639999999998,-0.0007335970000000001
1.10779,0.000291199
1.106716,0.000436798
1.1056409999999999,-0.0007783970000000001
1.1045669999999999,0.000582397
1.103492,0.000139999
1.102418,-0.000677597
1.101343,0.000761597
1.100269,-0.00019039900000000003
1.099194,-0.00046479800000000004
1.09812,0.0008231960000000001
1.097045,-0.0004927980000000001
1.095971,-0.00017359900000000003
1.0948959999999999,0.000739197
1.0938219999999998,-0.0006831970000000001
1.092747,0.00016239900000000003
1.091673,0.0005263980000000001
1.090598,-0.0007783970000000001
1.089524,0.000487198
1.088449,0.00024639900000000006
1.087375,-0.000739197
1.0863,0.000699997
1.085226,-7.279968000000001e-05
1.0841509999999999,-0.000554398
1.0830769999999998,0.000817597
1.082002,-0.000391998
1.0809279999999999,-0.00028559900000000004
1.079853,0.0007895970000000001
1.078779,-0.000627197
1.077705,3.9199832000000005e-05
1.07663,0.0006159970000000001
1.075556,-0.000761597
1.074481,0.00037519800000000004
1.073407,0.00035279800000000003
1.0723319999999998,-0.0007727970000000001
1.071258,0.0006383970000000001
1.0701829999999999,4.479980400000001e-05
1.0691089999999999,-0.000632797
1.068034,0.0007895970000000001
1.06696,-0.00028559900000000004
1.065885,-0.000391998
1.064811,0.000817597
1.063736,-0.000554398
1.062662,-8.3999632e-05
1.061587,0.000688797
1.060513,-0.0007223970000000001
1.0594379999999999,0.00026319900000000004
1.0583639999999999,0.00045359800000000004
1.057289,-0.000783997
1.056215,0.000554398
1.05514,0.00016239900000000003
1.054066,-0.000694397
1.052991,0.0007447970000000001
1.051917,-0.000167999
1.050843,-0.000487198
1.049768,0.0008231960000000001
1.048694,-0.00046479800000000004
1.0476189999999999,-0.00020159900000000003
1.046545,0.0007503970000000001
1.04547,-0.000671997
1.0443959999999999,0.000139999
1.043321,0.0005487980000000001
1.042247,-0.0007783970000000001
1.041172,0.00045359800000000004
1.040098,0.00027439900000000004
1.039023,-0.0007447970000000001
1.037949,0.000688797
1.0368739999999999,-4.479980400000001e-05
1.0358,-0.0005711980000000001
1.034725,0.0008063970000000001
1.0336509999999999,-0.000369598
1.032576,-0.000313599
1.031502,0.0007951970000000001
1.030427,-0.000610397
1.029353,5.599976e-06
1.028278,0.000627197
1.027204,-0.000755997
1.0261289999999998,0.00035279800000000003
1.025055,0.00037519800000000004
1.023981,-0.0007783970000000001
1.0229059999999999,0.0006159970000000001
1.0218319999999999,7.279968000000001e-05
1.020757,-0.000643997
1.019683,0.0007783970000000001
1.018608,-0.000257599
1.017534,-0.000414398
1.016459,0.000817597
1.015385,-0.000537598
1.01431,-0.00011199951200000001
1.013236,0.000699997
1.0121609999999999,-0.000716797
1.0110869999999998,0.000229599
1.010012,0.000475998
1.008938,-0.0007895970000000001
1.007863,0.000537598
1.006789,0.00019039900000000003
1.005714,-0.0007111970000000001
1.00464,0.0007335970000000001
1.003565,-0.000145599
1.002491,-0.000503998
1.0014159999999999,0.000817597
1.000342,-0.000447998
0.9992669999999999,-0.000223999
0.998193,0.000761597
0.997118,-0.0006663970000000001
0.9960439999999999,0.000106399544
0.9949699999999999,0.000559998
0.993895,-0.0007783970000000001
0.992821,0.000436798
0.9917459999999999,0.00029679900000000004
0.990672,-0.000755997
0.989597,0.000671997
0.9885229999999999,-1.6799928e-05
0.987448,-0.0005879980000000001
0.986374,0.0008063970000000001
0.9852989999999999,-0.00035279800000000003
0.9842249999999999,-0.000330399
0.98315,0.000800797
0.982076,-0.000599197
0.9810009999999999,-1.1199951000000002e-05
0.979927,0.0006495970000000001
0.9788519999999999,-0.0007503970000000001
0.9777779999999999,0.000330399
0.976703,0.00039759800000000004
0.975629,-0.000783997
0.9745539999999999,0.0006047970000000001
0.9734799999999999,9.5199592e-05
0.972405,-0.000660797
0.9713309999999999,0.0007727970000000001
0.970256,-0.000235199
0.969182,-0.000436798
0.9681069999999999,0.0008231960000000001
0.9670329999999999,-0.000520798
0.9659589999999999,-0.00013439900000000003
0.964884,0.000716797
0.96381,-0.0007055970000000001
0.962735,0.000207199
0.961661,0.000498398
0.9605859999999999,-0.000783997
0.9595119999999999,0.000515198
0.958437,0.000207199
0.957363,-0.0007223970000000001
0.9562879999999999,0.0007223970000000001
0.955214,-0.00011759948
0.954139,-0.0005263980000000001
0.9530649999999999,0.000817597
0.95199,-0.00042559800000000007
0.950916,-0.000251999
0.9498409999999999,0.0007727970000000001
0.9487669999999999,-0.0006495970000000001
0.947692,7.839966400000001e-05
0.946618,0.000582397
0.9455429999999999,-0.0007727970000000001
0.944469,0.000414398
0.943394,0.00031919900000000005
0.9423199999999999,-0.000761597
0.941245,0.000660797
0.940171,0.0
0.9390959999999999,-0.0006047970000000001
0.9380219999999999,0.0007951970000000001
0.936947,-0.000330399
0.935873,-0.000358398
0.9347989999999999,0.0008063970000000001
0.933724,-0.000582397
0.93265,-4.479980400000001e-05
0.9315749999999999,0.000660797
0.9305009999999999,-0.000739197
0.929426,0.000302399
0.928352,0.00041999800000000004
0.9272769999999999,-0.000783997
0.926203,0.000582397
0.925128,0.00012319946399999999
0.9240539999999999,-0.000677597
0.922979,0.000761597
0.921905,-0.00021279900000000003
0.9208299999999999,-0.000459198
0.9197559999999999,0.0008231960000000001
0.918681,-0.000503998
0.917607,-0.000167999
0.916532,0.0007279970000000001
0.915458,-0.000699997
0.914383,0.000179199
0.9133089999999999,0.000515198
0.912234,-0.000783997
0.91116,0.000498398
0.9100849999999999,0.000235199
0.909011,-0.0007335970000000001
0.907937,0.0007055970000000001
0.906862,-8.3999632e-05
0.9057879999999999,-0.000543198
0.904713,0.000817597
0.903639,-0.000408798
0.9025639999999999,-0.00027439900000000004
0.90149,0.000783997
0.900415,-0.0006383970000000001
0.899341,5.0399780000000004e-05
0.898266,0.0006047970000000001
0.897192,-0.0007671970000000001
0.8961169999999999,0.00038639800000000004
0.8950429999999999,0.00034159900000000005
0.893968,-0.0007727970000000001
0.892894,0.0006383970000000001
0.8918189999999999,2.7999878000000003e-05
0.890745,-0.0006215970000000001
0.88967,0.0007895970000000001
0.8885959999999999,-0.00029679900000000004
0.887521,-0.00038079800000000006
0.886447,0.000811996
0.8853719999999999,-0.000559998
0.8842979999999999,-7.279968000000001e-05
0.883223,0.000677597
0.882149,-0.0007335970000000001
0.8810749999999999,0.00027439900000000004
0.88,0.00044239800000000004
0.878926,-0.0007895970000000001
0.8778509999999999,0.0005655980000000001
0.8767769999999999,0.00015119900000000003
0.875702,-0.000694397
0.874628,0.0007447970000000001
0.8735529999999999,-0.000184799
0.872479,-0.0004815980000000001
0.871404,0.0008231960000000001
0.8703299999999999,-0.0004815980000000001
0.869255,-0.00019039900000000003
0.868181,0.0007447970000000001
0.8671059999999999,-0.0006831970000000001
0.8660319999999999,0.000145599
0.864957,0.000537598
0.863883,-0.000783997
0.8628079999999999,0.000470398
0.861734,0.00026319900000000004
0.860659,-0.0007447970000000001
0.8595849999999999,0.000694397
0.85851,-6.159973199999999e-05
0.857436,-0.0005655980000000001
0.8563609999999999,0.000811996
0.8552869999999999,-0.00038639800000000004
0.854212,-0.000302399
0.853138,0.0007895970000000001
0.8520639999999999,-0.0006215970000000001
0.850989,1.6799928e-05
0.849915,0.0006159970000000001
0.8488399999999999,-0.000761597
0.8477659999999999,0.00036399800000000003
0.846691,0.00036399800000000003
0.845617,-0.000783997
0.844542,0.0006215970000000001
0.843468,5.5999756000000005e-05
0.842393,-0.000643997
0.8413189999999999,0.0007783970000000001
0.840244,-0.00027439900000000004
0.83917,-0.00040319800000000007
0.8380949999999999,0.000811996
0.837021,-0.000554398
0.835946,-0.00010079956000000001
0.834872,0.000688797
0.833797,-0.0007223970000000001
0.832723,0.00024639900000000006
0.8316479999999999,0.000459198
0.8305739999999999,-0.0007895970000000001
0.829499,0.000543198
0.828425,0.00017359900000000003
0.8273499999999999,-0.0007055970000000001
0.826276,0.000739197
0.825201,-0.00016239900000000003
0.8241269999999999,-0.000498398
0.823052,0.000817597
0.821978,-0.000459198
0.820904,-0.000218399
0.8198289999999999,0.0007503970000000001
0.818755,-0.000671997
0.81768,0.00011759948
0.8166059999999999,0.000554398
0.815531,-0.000783997
0.814457,0.000447998
0.8133819999999999,0.000279999
0.8123079999999999,-0.0007503970000000001
0.811233,0.000677597
0.810159,-3.9199832000000005e-05
0.8090839999999999,-0.000582397
0.80801,0.0008063970000000001
0.806935,-0.00036399800000000003
0.8058609999999999,-0.0003247990000000001
0.804786,0.0007951970000000001
0.803712,-0.000610397
0.8026369999999999,-5.599976e-06
0.8015629999999999,0.000632797
0.800488,-0.000755997
0.799414,0.000335999
0.7983389999999999,0.00038639800000000004
0.797265,-0.000783997
0.79619,0.000610397
0.7951159999999999,7.839966400000001e-05
0.7940419999999999,-0.000660797
0.792967,0.0007727970000000001
0.791893,-0.000251999
0.7908179999999999,-0.00042559800000000007
0.789744,0.000817597
0.788669,-0.000531998
0.7875949999999999,-0.00012319946399999999
0.78652,0.0007055970000000001
0.785446,-0.000716797
0.7843709999999999,0.00021279900000000003
0.7832969999999999,0.0004815980000000001
0.782222,-0.0007895970000000001
0.781148,0.000520798
0.780073,0.000195999
0.778999,-0.000716797
0.777924,0.0007223970000000001
0.7768499999999999,-0.00012879944
0.775775,-0.000515198
0.774701,0.000817597
0.7736259999999999,-0.00044239800000000004
0.772552,-0.00024079900000000004
0.771477,0.000761597
0.770403,-0.000660797
0.769328,8.959960800000002e-05
0.768254,0.0005711980000000001
0.76718,-0.0007783970000000001
0.7661049999999999,0.00042559800000000007
0.765031,0.000307999
0.763956,-0.000761597
0.762882,0.000660797
0.761807,-1.1199951000000002e-05
0.760733,-0.000599197
0.7596579999999999,0.000800797
0.7585839999999999,-0.000335999
0.757509,-0.000347199
0.756435,0.000800797
0.7553599999999999,-0.0005935970000000001
0.754286,-3.3599856e-05
0.753211,0.000655197
0.752137,-0.0007503970000000001
0.751062,0.000307999
0.749988,0.000408798
0.7489129999999999,-0.000783997
0.7478389999999999,0.0005879980000000001
0.746764,0.000106399544
0.74569,-0.000671997
0.7446149999999999,0.000761597
0.743541,-0.000223999
0.742466,-0.00044239800000000004
0.7413919999999999,0.000817597
0.740317,-0.000515198
0.739243,-0.00015119900000000003
0.738169,0.0007223970000000001
0.7370939999999999,-0.000699997
0.73602,0.00019039900000000003
0.734945,0.000498398
0.7338709999999999,-0.0007895970000000001
0.732796,0.000503998
0.731722,0.000218399
0.7306469999999999,-0.0007279970000000001
0.7295729999999999,0.0007111970000000001
0.728498,-0.000106399544
0.727424,-0.000537598
0.726349,0.000817597
0.725275,-0.00041999800000000004
0.7242,-0.00026319900000000004
0.7231259999999999,0.0007727970000000001
0.722051,-0.000643997
0.720977,6.159973199999999e-05
0.7199019999999999,0.0005879980000000001
0.718828,-0.0007727970000000001
0.717753,0.00039759800000000004
0.716679,0.000330399
0.715604,-0.0007727970000000001
0.71453,0.000643997
0.713455,1.6799928e-05
0.7123809999999999,-0.0006215970000000001
0.711306,0.0007895970000000001
0.710232,-0.00031919900000000005
0.709158,-0.00037519800000000004
0.708083,0.000800797
0.707009,-0.000576798
0.705934,-6.159973199999999e-05
0.7048599999999999,0.0006663970000000001
0.703785,-0.000739197
0.702711,0.00028559900000000004
0.7016359999999999,0.00042559800000000007
0.700562,-0.000783997
0.699487,0.0005711980000000001
0.698413,0.00013439900000000003
0.697338,-0.0006831970000000001
0.696264,0.0007447970000000001
0.695189,-0.000195999
0.6941149999999999,-0.000470398
0.69304,0.000817597
0.691966,-0.0004927980000000001
0.6908909999999999,-0.000179199
0.689817,0.0007279970000000001
0.688742,-0.000694397
0.687668,0.00016239900000000003
0.686593,0.000520798
0.685519,-0.000783997
0.6844439999999999,0.000475998
0.6833699999999999,0.00024079900000000004
0.682295,-0.000739197
0.681221,0.000694397
0.680147,-7.839966400000001e-05
0.679072,-0.000554398
0.677998,0.0008063970000000001
0.6769229999999999,-0.00039759800000000004
0.6758489999999999,-0.000291199
0.674774,0.0007783970000000001
0.6737,-0.000632797
0.6726249999999999,3.3599856e-05
0.671551,0.0006047970000000001
0.670476,-0.0007671970000000001
0.6694019999999999,0.00037519800000000004
0.668327,0.000347199
0.667253,-0.0007727970000000001
0.6661779999999999,0.000627197
0.6651039999999999,3.9199832000000005e-05
0.664029,-0.000632797
0.662955,0.0007783970000000001
0.66188,-0.000291199
0.660806,-0.000391998
0.659731,0.0008063970000000001
0.6586569999999999,-0.000559998
0.657582,-8.959960800000002e-05
0.656508,0.000677597
0.6554329999999999,-0.0007279970000000001
0.654359,0.000257599
0.653285,0.000447998
0.65221,-0.0007895970000000001
0.6511359999999999,0.0005487980000000001
0.650061,0.000156799
0.648987,-0.000699997
0.6479119999999999,0.000739197
0.646838,-0.00017359900000000003
0.645763,-0.000487198
0.644689,0.000811996
0.643614,-0.000475998
0.64254,-0.000207199
0.641465,0.000739197
0.6403909999999999,-0.000677597
0.639316,0.00013439900000000003
0.638242,0.000537598
0.6371669999999999,-0.000783997
0.636093,0.000459198
0.635018,0.00026319900000000004
0.633944,-0.0007503970000000001
0.632869,0.000688797
0.631795,-5.5999756000000005e-05
0.63072,-0.0005711980000000001
0.6296459999999999,0.000800797
0.628571,-0.00038639800000000004
0.627497,-0.000313599
0.6264219999999999,0.000783997
0.625348,-0.0006215970000000001
0.624274,5.599976e-06
0.623199,0.0006215970000000001
0.6221249999999999,-0.000761597
0.62105,0.00035279800000000003
0.619976,0.00036399800000000003
0.6189009999999999,-0.000783997
0.617827,0.0006159970000000001
0.616752,6.159973199999999e-05
0.615678,-0.0006495970000000001
0.614603,0.0007727970000000001
0.613529,-0.00027439900000000004
0.6124539999999999,-0.000414398
0.6113799999999999,0.000811996
0.610305,-0.0005487980000000001
0.609231,-0.00011199951200000001
0.6081559999999999,0.000694397
0.607082,-0.0007223970000000001
0.606007,0.000235199
0.6049329999999999,0.00046479800000000004
0.603858,-0.0007895970000000001
0.602784,0.000531998
0.6017089999999999,0.00017359900000000003
0.6006349999999999,-0.0007111970000000001
0.59956,0.0007335970000000001
0.598486,-0.00015119900000000003
0.597411,-0.000503998
0.596337,0.000817597
0.595263,-0.000459198
0.5941879999999999,-0.000223999
0.5931139999999999,0.0007503970000000001
0.592039,-0.000671997
0.590965,0.00011199951200000001
0.58989,0.000554398
0.588816,-0.000783997
0.587741,0.000436798
0.5866669999999999,0.000279999
0.585592,-0.000761597
0.584518,0.000671997
0.5834429999999999,-3.3599856e-05
0.582369,-0.0005879980000000001
0.581294,0.0007951970000000001
0.58022,-0.000358398
0.579145,-0.000330399
0.578071,0.0007951970000000001
0.576996,-0.000610397
0.5759219999999999,-1.1199951000000002e-05
0.574847,0.000632797
0.573773,-0.000755997
0.5726979999999999,0.0003247990000000001
0.571624,0.00038639800000000004
0.570549,-0.000783997
0.569475,0.0006047970000000001
0.5684009999999999,8.3999632e-05
0.567326,-0.0006663970000000001
0.566252,0.0007727970000000001
0.5651769999999999,-0.000251999
0.564103,-0.00043119800000000004
0.563028,0.000811996
0.561954,-0.000531998
0.560879,-0.00013439900000000003
0.559805,0.0007055970000000001
0.55873,-0.000716797
0.5576559999999999,0.000207199
0.556581,0.0004815980000000001
0.555507,-0.0007951970000000001
0.5544319999999999,0.000515198
0.553358,0.000195999
0.552283,-0.0007223970000000001
0.551209,0.000716797
0.550134,-0.00012879944
0.54906,-0.000520798
0.5479849999999999,0.000811996
0.5469109999999999,-0.00044239800000000004
0.545836,-0.00024639900000000006
0.544762,0.000761597
0.5436869999999999,-0.000660797
0.542613,8.3999632e-05
0.541539,0.0005711980000000001
0.5404639999999999,-0.0007783970000000001
0.5393899999999999,0.000414398
0.538315,0.000307999
0.537241,-0.0007671970000000001
0.5361659999999999,0.000655197
0.535092,-1.1199951000000002e-05
0.534017,-0.0006047970000000001
0.532943,0.0007951970000000001
0.531868,-0.00034159900000000005
0.530794,-0.000358398
0.5297189999999999,0.000800797
0.528645,-0.0005935970000000001
0.52757,-3.9199832000000005e-05
0.526496,0.0006495970000000001
0.525421,-0.0007503970000000001
0.524347,0.000302399
0.523272,0.000408798
0.5221979999999999,-0.0007895970000000001
0.521123,0.000582397
0.520049,0.000106399544
0.5189739999999999,-0.000671997
0.5179,0.000755997
0.516825,-0.000223999
0.515751,-0.00045359800000000004
0.514676,0.000817597
0.513602,-0.000515198
0.512527,-0.00016239900000000003
0.5114529999999999,0.000716797
0.510378,-0.0007055970000000001
0.509304,0.000184799
0.50823,0.000503998
0.507155,-0.0007895970000000001
0.506081,0.000498398
0.505006,0.000218399
0.5039319999999999,-0.0007335970000000001
0.502857,0.0007111970000000001
0.501783,-0.000106399544
0.5007079999999999,-0.000543198
0.49963399999999997,0.000811996
0.498559,-0.00041999800000000004
0.49748499999999996,-0.00027439900000000004
0.49640999999999996,0.0007727970000000001
0.495336,-0.000643997
0.49426099999999995,5.5999756000000005e-05
0.493187,0.0005879980000000001
0.492112,-0.0007783970000000001
0.491038,0.000391998
0.489963,0.0003247990000000001
0.48888899999999996,-0.0007727970000000001
0.48781399999999997,0.000643997
0.48673999999999995,1.1199951000000002e-05
0.48566499999999996,-0.000627197
0.484591,0.0007895970000000001
0.483517,-0.00031919900000000005
0.482442,-0.00038079800000000006
0.48136799999999996,0.000800797
0.48029299999999997,-0.000582397
0.47921899999999995,-6.7199712e-05
0.47814399999999996,0.000660797
0.47707,-0.0007447970000000001
0.475995,0.000279999
0.474921,0.00042559800000000007
0.473846,-0.0007895970000000001
0.47277199999999997,0.0005655980000000001
0.471697,0.00012879944
0.47062299999999996,-0.000688797
0.46954799999999997,0.0007503970000000001
0.468474,-0.000207199
0.46739899999999995,-0.000470398
0.466325,0.000817597
0.46525,-0.000498398
0.464176,-0.000184799
0.463101,0.0007335970000000001
0.46202699999999997,-0.000694397
0.460952,0.000156799
0.45987799999999995,0.000515198
0.45880299999999996,-0.0007895970000000001
0.457729,0.000475998
0.456654,0.00024079900000000004
0.45558,-0.0007447970000000001
0.454505,0.000688797
0.453431,-8.3999632e-05
0.45235699999999995,-0.000559998
0.45128199999999996,0.0008063970000000001
0.450208,-0.00040319800000000007
0.449133,-0.000291199
0.448059,0.0007783970000000001
0.446984,-0.000632797
0.44591,3.3599856e-05
0.444835,0.0006047970000000001
0.44376099999999996,-0.0007727970000000001
0.44268599999999997,0.00037519800000000004
0.441612,0.000347199
0.44053699999999996,-0.0007783970000000001
0.439463,0.000627197
0.438388,3.9199832000000005e-05
0.437314,-0.0006383970000000001
0.436239,0.0007783970000000001
0.43516499999999997,-0.00029679900000000004
0.43409,-0.00039759800000000004
0.43301599999999996,0.0008063970000000001
0.43194099999999996,-0.000559998
0.430867,-8.959960800000002e-05
0.429792,0.000677597
0.428718,-0.0007335970000000001
0.427643,0.000257599
0.426569,0.00044239800000000004
0.42549499999999996,-0.0007951970000000001
0.42441999999999996,0.0005487980000000001
0.423346,0.00015119900000000003
0.422271,-0.0007055970000000001
0.421197,0.000739197
0.420122,-0.000179199
0.419048,-0.0004927980000000001
0.417973,0.000811996
0.41689899999999996,-0.000475998
0.41582399999999997,-0.000207199
0.41475,0.000739197
0.41367499999999996,-0.0006831970000000001
0.412601,0.00012879944
0.411526,0.000537598
0.410452,-0.000783997
0.409377,0.00045359800000000004
0.40830299999999997,0.00026319900000000004
0.407228,-0.000755997
0.40615399999999996,0.0006831970000000001
0.40507899999999997,-5.5999756000000005e-05
0.404005,-0.000576798
0.40292999999999995,0.000800797
0.401856,-0.00038079800000000006
0.400781,-0.00031919900000000005
0.399707,0.000783997
0.398632,-0.0006215970000000001
0.39755799999999997,0.0
0.396484,0.0006159970000000001
0.39540899999999995,-0.000761597
0.394335,0.000347199
0.39326,0.00036399800000000003
0.392186,-0.000783997
0.391111,0.0006159970000000001
0.39003699999999997,6.159973199999999e-05
0.388962,-0.000655197
0.38788799999999996,0.0007727970000000001
0.38681299999999996,-0.000268799
0.385739,-0.00041999800000000004
0.384664,0.000811996
0.38359,-0.0005487980000000001
0.382515,-0.00011759948
0.381441,0.000694397
0.380366,-0.0007279970000000001
0.37929199999999996,0.000229599
0.37821699999999997,0.00046479800000000004
0.377143,-0.000800797
0.37606799999999996,0.000531998
0.374994,0.00017359900000000003
0.373919,-0.000716797
0.372845,0.0007223970000000001
0.37177,-0.000156799
0.37069599999999997,-0.0005095980000000001
0.369622,0.000811996
0.36854699999999996,-0.000459198
0.367473,-0.000229599
0.366398,0.0007503970000000001
0.365324,-0.000677597
0.364249,0.00010079956000000001
0.36317499999999997,0.0005487980000000001
0.3621,-0.000783997
0.36102599999999996,0.00043119800000000004
0.35995099999999997,0.000279999
0.358877,-0.000761597
0.357802,0.0006663970000000001
0.356728,-3.9199832000000005e-05
0.355653,-0.000599197
0.354579,0.0007951970000000001
0.353504,-0.00036399800000000003
0.35242999999999997,-0.000335999
0.351355,0.0007895970000000001
0.350281,-0.000610397
0.34920599999999996,-2.2399902000000004e-05
0.348132,0.000632797
0.347057,-0.000755997
0.345983,0.0003247990000000001
0.344908,0.00038639800000000004
0.343834,-0.0007895970000000001
0.342759,0.0005935970000000001
0.34168499999999996,8.3999632e-05
0.340611,-0.000671997
0.339536,0.000761597
0.338462,-0.000251999
0.337387,-0.000436798
0.336313,0.0008063970000000001
0.335238,-0.000531998
0.33416399999999996,-0.000139999
0.33308899999999997,0.0007055970000000001
0.332015,-0.000716797
0.33094,0.00020159900000000003
0.329866,0.000475998
0.328791,-0.0007951970000000001
0.327717,0.0005095980000000001
0.326642,0.000195999
0.32556799999999997,-0.0007279970000000001
0.324493,0.000716797
0.323419,-0.00013439900000000003
0.32234399999999996,-0.0005263980000000001
0.32127,0.0008063970000000001
0.320195,-0.00044239800000000004
0.319121,-0.000251999
0.318046,0.000755997
0.316972,-0.000660797
0.315897,7.839966400000001e-05
0.31482299999999996,0.0005711980000000001
0.31374799999999997,-0.000783997
0.312674,0.000414398
0.3116,0.000302399
0.310525,-0.0007671970000000001
0.309451,0.000655197
0.308376,-1.1199951000000002e-05
0.30730199999999996,-0.000610397
0.30622699999999997,0.0007895970000000001
0.305153,-0.00034159900000000005
0.30407799999999996,-0.000358398
0.303004,0.0007951970000000001
0.301929,-0.0005935970000000001
0.300855,-4.479980400000001e-05
0.29978,0.0006495970000000001
0.29870599999999997,-0.000755997
0.297631,0.000302399
0.29655699999999996,0.00040319800000000007
0.29548199999999997,-0.0007951970000000001
0.294408,0.000582397
0.293333,0.00010079956000000001
0.292259,-0.000677597
0.291184,0.000755997
0.29011,-0.000235199
0.289035,-0.00045359800000000004
0.28796099999999997,0.000811996
0.286886,-0.000520798
0.285812,-0.00016239900000000003
0.28473699999999996,0.000716797
0.283663,-0.0007111970000000001
0.282589,0.000184799
0.281514,0.000498398
0.28043999999999997,-0.0007951970000000001
0.279365,0.000498398
0.278291,0.00021279900000000003
0.27721599999999996,-0.000739197
0.276142,0.0007055970000000001
0.275067,-0.00011759948
0.273993,-0.000543198
0.272918,0.0008063970000000001
0.271844,-0.00042559800000000007
0.270769,-0.00027439900000000004
0.26969499999999996,0.0007671970000000001
0.26861999999999997,-0.0006495970000000001
0.267546,5.5999756000000005e-05
0.266471,0.000582397
0.265397,-0.000783997
0.264322,0.000391998
0.263248,0.00031919900000000005
0.262173,-0.0007783970000000001
0.26109899999999997,0.000643997
0.260024,5.599976e-06
0.25895,-0.0006215970000000001
0.25787499999999997,0.000783997
0.256801,-0.0003247990000000001
0.255726,-0.00037519800000000004
0.254652,0.000800797
0.25357799999999997,-0.0005879980000000001
0.252503,-6.159973199999999e-05
0.251429,0.000660797
0.25035399999999997,-0.0007447970000000001
0.24928,0.000279999
0.24820499999999998,0.00041999800000000004
0.247131,-0.0007951970000000001
0.246056,0.0005655980000000001
0.24498199999999998,0.00012319946399999999
0.24390699999999998,-0.000688797
0.242833,0.0007503970000000001
0.241758,-0.00021279900000000003
0.24068399999999998,-0.000470398
0.239609,0.000811996
0.238535,-0.000503998
0.23745999999999998,-0.000179199
0.23638599999999999,0.0007223970000000001
0.235311,-0.000699997
0.234237,0.00016239900000000003
0.23316199999999998,0.0005095980000000001
0.232088,-0.0007951970000000001
0.231013,0.0004815980000000001
0.22993899999999998,0.000229599
0.22886399999999998,-0.0007503970000000001
0.22779,0.000688797
0.226716,-8.959960800000002e-05
0.22564099999999998,-0.000559998
0.224567,0.0008063970000000001
0.223492,-0.000414398
0.22241799999999998,-0.000291199
0.22134299999999998,0.0007727970000000001
0.220269,-0.0006383970000000001
0.219194,3.3599856e-05
0.21811999999999998,0.0005935970000000001
0.217045,-0.0007727970000000001
0.215971,0.00037519800000000004
0.214896,0.000335999
0.21382199999999998,-0.000783997
0.212747,0.000632797
0.211673,2.2399902000000004e-05
0.21059799999999998,-0.0006383970000000001
0.209524,0.000783997
0.208449,-0.000307999
0.207375,-0.000391998
0.20629999999999998,0.000800797
0.205226,-0.0005711980000000001
0.204151,-8.3999632e-05
0.20307699999999998,0.0006663970000000001
0.202002,-0.0007447970000000001
0.200928,0.00026319900000000004
0.199853,0.00043119800000000004
0.19877899999999998,-0.000800797
0.197705,0.000554398
0.19663,0.000139999
0.19555599999999998,-0.000699997
0.194481,0.000739197
0.193407,-0.000195999
0.192332,-0.000487198
0.19125799999999998,0.000811996
0.190183,-0.0004927980000000001
0.189109,-0.00020159900000000003
0.18803399999999998,0.0007279970000000001
0.18696,-0.000694397
0.185885,0.000139999
0.184811,0.000520798
0.18373599999999998,-0.0007951970000000001
0.182662,0.000459198
0.181587,0.00024639900000000006
0.18051299999999998,-0.000755997
0.179438,0.0006831970000000001
0.178364,-7.839966400000001e-05
0.177289,-0.0005711980000000001
0.17621499999999998,0.000800797
0.17514,-0.00039759800000000004
0.174066,-0.000307999
0.172991,0.0007783970000000001
0.171917,-0.0006383970000000001
0.170842,1.1199951000000002e-05
0.169768,0.0006047970000000001
0.16869399999999998,-0.0007727970000000001
0.167619,0.000358398
0.166545,0.000347199
0.16547,-0.000783997
0.164396,0.0006215970000000001
0.163321,3.9199832000000005e-05
0.162247,-0.0006495970000000001
0.16117199999999998,0.0007727970000000001
0.160098,-0.000291199
0.159023,-0.000408798
0.157949,0.0008063970000000001
0.15687399999999999,-0.0005655980000000001
0.1558,-0.00010079956000000001
0.154725,0.000677597
0.15365099999999998,-0.000739197
0.152576,0.00024639900000000006
0.151502,0.00044239800000000004
0.150427,-0.000800797
0.14935299999999999,0.000543198
0.148278,0.000156799
0.147204,-0.0007111970000000001
0.14612899999999998,0.0007335970000000001
0.145055,-0.000184799
0.14398,-0.000503998
0.142906,0.000811996
0.14183199999999999,-0.0004815980000000001
0.140757,-0.000218399
0.139683,0.000739197
0.13860799999999998,-0.000688797
0.137534,0.00012319946399999999
0.136459,0.000537598
0.135385,-0.0007951970000000001
0.13430999999999998,0.000447998
0.133235648,0.00026319900000000004
0.132161168,-0.000761597
0.131086696,0.000677597
0.130012216,-6.159973199999999e-05
0.12893772,-0.000582397
0.12786324000000002,0.000800797
0.126788768,-0.00038639800000000004
0.125714288,-0.0003247990000000001
0.12463980000000001,0.000783997
0.12356532,-0.000627197
0.12249084,0.0
0.12141636,0.0006159970000000001
0.12034188000000001,-0.0007727970000000001
0.11926740000000001,0.000347199
0.11819292,0.000358398
0.11711843200000001,-0.0007895970000000001
0.116043952,0.000610397
0.114969472,5.5999756000000005e-05
0.113894992,-0.000660797
0.11282051200000001,0.0007671970000000001
0.11174603200000001,-0.000279999
0.110671552,-0.00042559800000000007
0.10959706400000001,0.0008063970000000001
0.108522584,-0.000554398
0.10744811200000001,-0.00012319946399999999
0.106373624,0.0006831970000000001
0.10529914400000001,-0.0007335970000000001
0.10422465600000001,0.000223999
0.103150184,0.000459198
0.102075704,-0.000800797
0.101001216,0.0005263980000000001
0.099926736,0.000167999
0.098852256,-0.0007223970000000001
0.09777777600000001,0.0007223970000000001
0.09670329600000001,-0.00016239900000000003
0.095628816,-0.000515198
0.094554336,0.0008063970000000001
0.093479848,-0.00046479800000000004
0.092405368,-0.000235199
0.09133089600000001,0.0007447970000000001
0.09025640800000001,-0.0006831970000000001
0.08918192800000001,0.00010079956000000001
0.088107448,0.0005487980000000001
0.087032968,-0.0007951970000000001
0.08595848,0.00043119800000000004
0.084884,0.00027439900000000004
0.08380952800000001,-0.0007671970000000001
0.08273504000000001,0.0006663970000000001
0.08166056000000001,-4.479980400000001e-05
0.08058607200000001,-0.000599197
0.0795116,0.0007951970000000001
0.07843712,-0.000369598
0.077362632,-0.000335999
0.07628816000000001,0.000783997
0.07521367200000001,-0.0006159970000000001
0.074139192,-1.6799928e-05
0.073064712,0.000627197
0.071990232,-0.0007671970000000001
0.070915752,0.0003247990000000001
0.069841264,0.00037519800000000004
0.068766784,-0.0007951970000000001
0.067692312,0.0005935970000000001
0.066617824,7.279968000000001e-05
0.065543348,-0.0006663970000000001
0.06446886,0.000761597
0.063394384,-0.00026319900000000004
0.062319900000000004,-0.000436798
0.06124542,0.0008063970000000001
0.060170940000000006,-0.000543198
0.05909646,-0.00013439900000000003
0.058021976,0.000699997
0.056947496,-0.0007223970000000001
0.055873016000000005,0.000207199
0.054798532000000004,0.000475998
0.053724056000000006,-0.000800797
0.052649572000000006,0.000515198
0.051575092,0.000184799
0.050500608,-0.0007279970000000001
0.049426128,0.000716797
0.048351648000000004,-0.000145599
0.047277168,-0.0005263980000000001
0.046202684,0.0008063970000000001
0.045128204000000005,-0.00045359800000000004
0.044053724,-0.000251999
0.04297924,0.0007503970000000001
0.041904764000000004,-0.000671997
0.040830280000000004,8.3999632e-05
0.0397558,0.000559998
0.038681316,-0.0007895970000000001
0.037606836000000005,0.00041999800000000004
0.036532356,0.000291199
0.035457876,-0.0007727970000000001
0.034383392,0.000660797
0.033308912,-2.2399902000000004e-05
0.03223443,-0.000610397
0.031159950000000002,0.0007895970000000001
0.030085470000000003,-0.00035279800000000003
0.029010988,-0.000358398
0.027936508000000002,0.0007951970000000001
0.026862028000000003,-0.0006047970000000001
0.025787546,-3.9199832000000005e-05
0.024713064,0.0006383970000000001
0.023638584,-0.000761597
0.022564102000000003,0.000307999
0.02148962,0.000391998
0.020415140000000002,-0.000800797
0.019340658,0.000582397
0.018266178,8.959960800000002e-05
0.017191696,-0.0006831970000000001
0.016117215,0.000755997
0.015042735000000002,-0.00024639900000000006
0.013968254000000001,-0.00045359800000000004
0.012893773,0.0008063970000000001
0.011819292,-0.000531998
0.01074481,-0.000156799
0.009670329,0.0007055970000000001
0.008595848,-0.000716797
0.0075213680000000005,0.00019039900000000003
0.006446887,0.000487198
0.005372405,-0.000800797
0.004297924,0.000503998
0.0032234430000000003,0.00020159900000000003
0.002148962,-0.000739197
0.001074481,0.0007111970000000001
0.0,-0.00012879944
-0.001074481,-0.000543198
-0.002148962,0.0008063970000000001
-0.0032234430000000003,-0.00044239800000000004
-0.004297924,-0.000268799
-0.005372405,0.000755997
-0.006446887,-0.000660797
-0.0075213680000000005,6.159973199999999e-05
-0.008595848,0.0005711980000000001
-0.009670329,-0.0007895970000000001
-0.01074481,0.00039759800000000004
-0.011819292,0.000307999
-0.012893773,-0.0007783970000000001
-0.013968254000000001,0.000643997
-0.015042735000000002,-5.599976e-06
-0.016117215,-0.0006215970000000001
-0.017191696,0.000783997
-0.018266178,-0.000335999
-0.019340658,-0.000369598
-0.020415140000000002,0.0007951970000000001
-0.02148962,-0.0005935970000000001
-0.022564102000000003,-5.5999756000000005e-05
-0.023638584,0.0006495970000000001
-0.024713064,-0.000755997
-0.025787546,0.000291199
-0.026862028000000003,0.000408798
-0.027936508000000002,-0.0008063970000000001
-0.029010988,0.0005711980000000001
-0.030085470000000003,0.000106399544
-0.031159950000000002,-0.000688797
-0.03223443,0.0007503970000000001
-0.033308912,-0.000229599
-0.034383392,-0.000470398
-0.035457876,0.0008063970000000001
-0.036532356,-0.000520798
-0.037606836000000005,-0.00017359900000000003
-0.038681316,0.0007111970000000001
-0.0397558,-0.000716797
-0.040830280000000004,0.000167999
-0.041904764000000004,0.000498398
-0.04297924,-0.000800797
-0.044053724,0.000487198
-0.045128204000000005,0.00021279900000000003
-0.046202684,-0.0007503970000000001
-0.047277168,0.000699997
-0.048351648000000004,-0.00011199951200000001
-0.049426128,-0.000554398
-0.050500608,0.0008063970000000001
-0.051575092,-0.00043119800000000004
-0.052649572000000006,-0.00028559900000000004
-0.053724056000000006,0.0007671970000000001
-0.054798532000000004,-0.000660797
-0.055873016000000005,4.479980400000001e-05
-0.056947496,0.000582397
-0.058021976,-0.0007895970000000001
-0.05909646,0.00038639800000000004
-0.060170940000000006,0.0003247990000000001
-0.06124542,-0.0007895970000000001
-0.062319900000000004,0.0006383970000000001
-0.063394384,5.599976e-06
-0.06446886,-0.000632797
-0.065543348,0.0007783970000000001
-0.066617824,-0.0003247990000000001
-0.067692312,-0.000391998
-0.068766784,0.0007951970000000001
-0.069841264,-0.0005879980000000001
-0.070915752,-7.839966400000001e-05
-0.071990232,0.000660797
-0.073064712,-0.000755997
-0.074139192,0.00027439900000000004
-0.07521367200000001,0.00041999800000000004
-0.07628816000000001,-0.0008063970000000001
-0.077362632,0.0005655980000000001
-0.07843712,0.00012319946399999999
-0.0795116,-0.0007055970000000001
-0.08058607200000001,0.000739197
-0.08166056000000001,-0.00021279900000000003
-0.08273504000000001,-0.0004815980000000001
-0.08380952800000001,0.0008063970000000001
-0.084884,-0.0005095980000000001
-0.08595848,-0.00019039900000000003
-0.087032968,0.0007223970000000001
-0.088107448,-0.0007111970000000001
-0.08918192800000001,0.00015119900000000003
-0.09025640800000001,0.0005095980000000001
-0.09133089600000001,-0.0008063970000000001
-0.092405368,0.000470398
-0.093479848,0.000235199
-0.094554336,-0.000755997
-0.095628816,0.000694397
-0.09670329600000001,-9.5199592e-05
-0.09777777600000001,-0.0005711980000000001
-0.098852256,0.0008063970000000001
-0.099926736,-0.000414398
-0.101001216,-0.000302399
-0.102075704,0.0007783970000000001
-0.103150184,-0.0006495970000000001
-0.10422465600000001,2.7999878000000003e-05
-0.10529914400000001,0.0005935970000000001
-0.106373624,-0.000783997
-0.10744811200000001,0.000369598
-0.108522584,0.000335999
-0.10959706400000001,-0.0007951970000000001
-0.110671552,0.000627197
-0.11174603200000001,2.2399902000000004e-05
-0.11282051200000001,-0.000643997
-0.113894992,0.0007783970000000001
-0.114969472,-0.000307999
-0.116043952,-0.000408798
-0.11711843200000001,0.000800797
-0.11819292,-0.000576798
-0.11926740000000001,-9.5199592e-05
-0.12034188000000001,0.000671997
-0.12141636,-0.0007503970000000001
-0.12249084,0.000251999
-0.12356532,0.00043119800000000004
-0.12463980000000001,-0.0008063970000000001
-0.125714288,0.0005487980000000001
-0.126788768,0.000139999
-0.12786324000000002,-0.000716797
-0.12893772,0.0007335970000000001
-0.130012216,-0.00020159900000000003
-0.131086696,-0.000498398
-0.132161168,0.000811996
-0.133235648,-0.000498398
-0.13430999999999998,-0.000207199
-0.135385,0.0007335970000000001
-0.136459,-0.000699997
-0.137534,0.00013439900000000003
-0.13860799999999998,0.0005263980000000001
-0.139683,-0.000800797
-0.140757,0.000459198
-0.14183199999999999,0.00024639900000000006
-0.142906,-0.0007671970000000001
-0.14398,0.0006831970000000001
-0.145055,-7.279968000000001e-05
-0.14612899999999998,-0.000582397
-0.147204,0.000800797
-0.148278,-0.00040319800000000007
-0.14935299999999999,-0.00031919900000000005
-0.150427,0.0007783970000000001
-0.151502,-0.0006383970000000001
-0.152576,5.599976e-06
-0.15365099999999998,0.000610397
-0.154725,-0.0007783970000000001
-0.1558,0.00035279800000000003
-0.15687399999999999,0.00035279800000000003
-0.157949,-0.0007951970000000001
-0.159023,0.0006159970000000001
-0.160098,3.9199832000000005e-05
-0.16117199999999998,-0.000660797
-0.162247,0.0007671970000000001
-0.163321,-0.000291199
-0.164396,-0.00041999800000000004
-0.16547,0.0008063970000000001
-0.166545,-0.0005711980000000001
-0.167619,-0.00011199951200000001
-0.16869399999999998,0.0006831970000000001
-0.169768,-0.0007447970000000001
-0.170842,0.000235199
-0.171917,0.000447998
-0.172991,-0.0008063970000000001
-0.174066,0.000537598
-0.17514,0.00015119900000000003
-0.17621499999999998,-0.0007223970000000001
-0.177289,0.0007279970000000001
-0.178364,-0.000179199
-0.179438,-0.000515198
-0.18051299999999998,0.000811996
-0.181587,-0.000487198
-0.182662,-0.000223999
-0.18373599999999998,0.000739197
-0.184811,-0.000694397
-0.185885,0.00011759948
-0.18696,0.000543198
-0.18803399999999998,-0.000800797
-0.189109,0.00044239800000000004
-0.190183,0.00026319900000000004
-0.19125799999999998,-0.0007727970000000001
-0.192332,0.000671997
-0.193407,-6.159973199999999e-05
-0.194481,-0.0005935970000000001
-0.19555599999999998,0.0007951970000000001
-0.19663,-0.00038639800000000004
-0.197705,-0.000330399
-0.19877899999999998,0.000783997
-0.199853,-0.000632797
