Potential (V),Current (uA),Current Forward (uA),Current Reverse (uA),Current Diff (uA)
-0.5998859999999999,0.035705444,0.033387054000000006,-0.002318389,0.035705444
-0.5979099999999999,0.032983856,0.027305480000000003,-0.005678375,0.032983856
-0.595934,0.030407866,0.0229431,-0.0074647670000000015,0.030407866
-0.593958,0.028884672,0.020439910000000002,-0.008444762000000001,0.028884672
-0.5919829999999999,0.028005478,0.018838318000000003,-0.00916716,0.028005478
-0.590007,0.02717108,0.017662322000000005,-0.009508757999999999,0.02717108
-0.588031,0.026717482,0.016850326,-0.009867157,0.026717482
-0.586055,0.026247084000000004,0.016111129000000002,-0.010135955,0.026247084000000004
-0.584079,0.025787886000000003,0.015539931,-0.010247955000000001,0.025787886000000003
-0.5821029999999999,0.025541486000000002,0.015041533,-0.010499954000000002,0.025541486000000002
-0.580127,0.025328688000000002,0.014649536000000001,-0.010679153,0.025328688000000002
-0.578151,0.02505429,0.014296737,-0.010757552,0.02505429
-0.576175,0.024819090000000002,0.013938338000000002,-0.010880752,0.024819090000000002
-0.574199,0.02463429,0.013759139,-0.010875152,0.02463429
-0.5722229999999999,0.024460692,0.013546341,-0.010914352,0.024460692
-0.570248,0.024404694,0.013344741000000002,-0.011059951,0.024404694
-0.568272,0.024236692,0.013143142000000002,-0.011093551,0.024236692
-0.566296,0.024197492000000004,0.013047942000000002,-0.011149551,0.024197492000000004
-0.5643199999999999,0.024124694000000002,0.012919143000000001,-0.011205550000000002,0.024124694000000002
-0.562344,0.023911894000000003,0.012734344,-0.011177550000000001,0.023911894000000003
-0.560368,0.023939896000000002,0.012650345000000002,-0.011289551000000002,0.023939896000000002
-0.558392,0.023570296,0.012364746000000001,-0.011205550000000002,0.023570296
-0.556416,0.023687896000000003,0.012359146,-0.011328750000000002,0.023687896000000003
-0.5544399999999999,0.023603898,0.012258346000000002,-0.011345550000000001,0.023603898
-0.552464,0.023491896,0.012123946,-0.01136795,0.023491896
-0.550488,0.023239898000000002,0.011933547000000001,-0.011306351000000001,0.023239898000000002
-0.548512,0.023245498,0.011905548,-0.011339950000000001,0.023245498
-0.5465369999999999,0.023150298,0.011787948000000001,-0.01136235,0.023150298
-0.544561,0.023167098000000004,0.011743149000000001,-0.01142395,0.023167098000000004
-0.542585,0.023043898,0.011664748,-0.011379150000000001,0.023043898
-0.540609,0.023015898000000003,0.011608749000000002,-0.011407150000000001,0.023015898000000003
-0.538633,0.022920700000000002,0.011541549,-0.011379150000000001,0.022920700000000002
-0.5366569999999999,0.0228367,0.01141835,-0.01141835,0.0228367
-0.534681,0.0228367,0.01141835,-0.01141835,0.0228367
-0.532705,0.022797498000000003,0.011379150000000001,-0.01141835,0.022797498000000003
-0.530729,0.022691100000000002,0.011311950000000001,-0.011379150000000001,0.022691100000000002
-0.528753,0.022623900000000002,0.011171950000000002,-0.01145195,0.022623900000000002
-0.5267769999999999,0.0224671,0.011160751000000002,-0.011306351000000001,0.0224671
-0.524802,0.022523102000000003,0.011099151000000002,-0.01142395,0.022523102000000003
-0.522826,0.022495100000000004,0.011048751,-0.011446350000000001,0.022495100000000004
-0.5208499999999999,0.0224223,0.010975952,-0.011446350000000001,0.0224223
-0.518874,0.0225343,0.011015151,-0.011519149000000001,0.0225343
-0.516898,0.022528700000000002,0.010987152000000002,-0.011541549,0.022528700000000002
-0.514922,0.022343902000000002,0.010847153,-0.011496749,0.022343902000000002
-0.512946,0.022517500000000003,0.010942352,-0.011575149,0.022517500000000003
-0.5109699999999999,0.022439102000000002,0.010919952,-0.011519149000000001,0.022439102000000002
-0.508994,0.0225119,0.010869552,-0.011642348,0.0225119
-0.507018,0.022433502,0.010824753000000001,-0.011608749000000002,0.022433502
-0.505042,0.022355100000000003,0.010751952,-0.011603149,0.022355100000000003
-0.5030669999999999,0.022517500000000003,0.010763152,-0.011754349,0.022517500000000003
-0.501091,0.022450302000000002,0.010746352,-0.011703949,0.022450302000000002
-0.499115,0.022366300000000002,0.010746352,-0.011619949000000001,0.022366300000000002
-0.497139,0.0226071,0.010735152,-0.011871948,0.0226071
-0.49516299999999996,0.022612702000000002,0.010729552,-0.011883148,0.022612702000000002
-0.493187,0.022635100000000002,0.010735152,-0.011899948,0.022635100000000002
-0.49121099999999995,0.022657500000000004,0.010746352,-0.011911148000000002,0.022657500000000004
-0.489235,0.0228479,0.010824753000000001,-0.012023147000000001,0.0228479
-0.487259,0.022982300000000004,0.010807953000000002,-0.012174347,0.022982300000000004
-0.48528299999999996,0.022870300000000003,0.010785553000000002,-0.012084746,0.022870300000000003
-0.483307,0.023015898000000003,0.010796753000000001,-0.012219146,0.023015898000000003
-0.481332,0.023139100000000003,0.010863952,-0.012275146,0.023139100000000003
-0.479356,0.023307096000000003,0.010914352,-0.012392745,0.023307096000000003
-0.47737999999999997,0.023435896,0.010908752,-0.012527145,0.023435896
-0.475404,0.023676696000000004,0.011020751000000002,-0.012655945000000002,0.023676696000000004
-0.47342799999999996,0.023872696,0.011104751000000001,-0.012767944000000002,0.023872696
-0.471452,0.023967894000000003,0.011104751000000001,-0.012863143000000002,0.023967894000000003
-0.469476,0.024096694000000002,0.011205550000000002,-0.012891143,0.024096694000000002
-0.46749999999999997,0.024382294000000002,0.01123355,-0.013148742000000001,0.024382294000000002
-0.465524,0.024544692000000003,0.011261551000000002,-0.013283142000000001,0.024544692000000003
-0.46354799999999996,0.024751890000000002,0.011289551000000002,-0.013462340000000001,0.024751890000000002
-0.461572,0.025132690000000003,0.011491149,-0.01364154,0.025132690000000003
-0.459596,0.025323088000000004,0.011580749000000001,-0.013742339000000001,0.025323088000000004
-0.457621,0.025737486000000004,0.011765548,-0.013971938000000001,0.025737486000000004
-0.45564499999999997,0.025927888000000003,0.011871948,-0.014055938,0.025927888000000003
-0.453669,0.026084686,0.011916748000000001,-0.014167938000000001,0.026084686
-0.45169299999999996,0.026375884000000002,0.012039947,-0.014335937000000002,0.026375884000000002
-0.449717,0.026885482000000002,0.012286346000000002,-0.014599136,0.026885482000000002
-0.447741,0.027092680000000004,0.012359146,-0.014733535,0.027092680000000004
-0.44576499999999997,0.027406278000000003,0.012543944000000001,-0.014862334000000001,0.027406278000000003
-0.443789,0.02774228,0.012639145000000001,-0.015103134000000002,0.02774228
-0.44181299999999996,0.028033478000000004,0.012807144000000001,-0.015226333,0.028033478000000004
-0.439837,0.028397474000000002,0.012991942000000001,-0.015405532000000001,0.028397474000000002
-0.437861,0.028615874000000003,0.013232742,-0.015383132000000002,0.028615874000000003
-0.435886,0.028761472000000003,0.013176742000000002,-0.01558473,0.028761472000000003
-0.43390999999999996,0.029119872,0.01345114,-0.015668730999999998,0.029119872
-0.431934,0.029405472000000002,0.01366954,-0.01573593,0.029405472000000002
-0.429958,0.029618270000000002,0.013697540000000001,-0.01592073,0.029618270000000002
-0.427982,0.030038266,0.013949538000000001,-0.016088729000000003,0.030038266
-0.426006,0.030083066,0.014078338000000001,-0.016004729,0.030083066
-0.42402999999999996,0.030318266,0.014212737000000001,-0.01610553,0.030318266
-0.422054,0.030503064,0.014375136000000002,-0.016127930000000002,0.030503064
-0.420078,0.030609468000000004,0.014492737000000002,-0.016116730000000003,0.030609468000000004
-0.418102,0.030743864000000003,0.014531936000000002,-0.016211928,0.030743864000000003
-0.416126,0.030626266000000006,0.014621536000000001,-0.016004729,0.030626266000000006
-0.414151,0.030721464000000004,0.014688735000000001,-0.016032729000000003,0.030721464000000004
-0.41217499999999996,0.030833464000000005,0.014879134000000002,-0.015954330000000003,0.030833464000000005
-0.410199,0.030805463999999998,0.014845534000000002,-0.015959929,0.030805463999999998
-0.408223,0.030587064,0.014806335000000002,-0.01578073,0.030587064
-0.40624699999999997,0.030452666,0.014862334000000001,-0.015590331000000002,0.030452666
-0.404271,0.030458264000000006,0.014839934,-0.015618332,0.030458264000000006
-0.40229499999999996,0.030144666000000004,0.014733535,-0.015411132000000001,0.030144666000000004
-0.400319,0.030055068,0.014761535000000001,-0.015293532,0.030055068
-0.398343,0.029892670000000003,0.014716735000000002,-0.015175934000000002,0.029892670000000003
-0.39636699999999997,0.029657468000000003,0.014599136,-0.015058334000000001,0.029657468000000003
-0.394391,0.029489472000000003,0.014565536,-0.014923935000000001,0.029489472000000003
-0.39241499999999996,0.029125472000000003,0.014475937000000001,-0.014649536000000001,0.029125472000000003
-0.39044,0.028711074000000003,0.014240737,-0.014470337000000002,0.028711074000000003
-0.388464,0.028615874000000003,0.014229537,-0.014386336000000001,0.028615874000000003
-0.386488,0.028229476000000003,0.014016739000000002,-0.014212737000000001,0.028229476000000003
-0.38451199999999996,0.027899078,0.013904738,-0.013994339000000001,0.027899078
-0.382536,0.027624678,0.013686340000000002,-0.013938338000000002,0.027624678
-0.38056,0.027378278000000002,0.013630340000000001,-0.013747939,0.027378278000000002
-0.378584,0.02691348,0.013361541000000001,-0.013551941000000001,0.02691348
-0.376608,0.026745482000000004,0.013316741000000002,-0.013428741000000001,0.026745482000000004
-0.37463199999999997,0.026375884000000002,0.013031142,-0.013344741000000002,0.026375884000000002
-0.372656,0.026028684000000003,0.012896743,-0.013131942,0.026028684000000003
-0.37068,0.025754288000000004,0.012739944000000001,-0.013014342000000002,0.025754288000000004
-0.368705,0.025395888000000002,0.012566344,-0.012829544000000002,0.025395888000000002
-0.36672899999999997,0.025244690000000004,0.012443145000000001,-0.012801544000000002,0.025244690000000004
-0.364753,0.024886292,0.012213547,-0.012672745000000001,0.024886292
-0.36277699999999996,0.02462309,0.012062347000000001,-0.012560744,0.02462309
-0.360801,0.024443892000000002,0.011955947000000001,-0.012487945000000002,0.024443892000000002
-0.358825,0.024175094000000005,0.011754349,-0.012420745,0.024175094000000005
-0.35684899999999997,0.023900694,0.011647948000000002,-0.012252746,0.023900694
-0.354873,0.023503096000000005,0.01139595,-0.012107146000000001,0.023503096000000005
-0.35289699999999996,0.023407898,0.011345550000000001,-0.012062347000000001,0.023407898
-0.350921,0.023295898000000002,0.011272751000000001,-0.012023147000000001,0.023295898000000002
-0.348945,0.023155896000000002,0.011110351000000001,-0.012045547,0.023155896000000002
-0.34697,0.022775100000000003,0.010947952,-0.011827148000000001,0.022775100000000003
-0.34499399999999997,0.022831100000000003,0.010925552000000002,-0.011905548,0.022831100000000003
-0.343018,0.0226071,0.010729552,-0.011877548,0.0226071
-0.341042,0.0223775,0.010634353000000001,-0.011743149000000001,0.0223775
-0.339066,0.022226300000000004,0.010578353,-0.011647948000000002,0.022226300000000004
-0.33709,0.022119902,0.010505554,-0.011614349000000001,0.022119902
-0.33511399999999997,0.022052702000000004,0.010415954,-0.011636748,0.022052702000000004
-0.333138,0.021895902000000002,0.010298354000000001,-0.011597549,0.021895902000000002
-0.331162,0.021795104000000003,0.010219955000000001,-0.011575149,0.021795104000000003
-0.329186,0.021722304,0.010113555000000002,-0.011608749000000002,0.021722304
-0.32721,0.021660706000000002,0.010152755000000001,-0.011507949000000002,0.021660706000000002
-0.325235,0.021655104,0.010130355,-0.011524749000000003,0.021655104
-0.32325899999999996,0.021470304,0.010007156,-0.011463150000000002,0.021470304
-0.321283,0.021425504,0.009979156000000001,-0.011446350000000001,0.021425504
-0.319307,0.021453506000000004,0.009995956000000002,-0.01145755,0.021453506000000004
-0.317331,0.021414306,0.009934357000000001,-0.011479949000000001,0.021414306
-0.315355,0.021274306,0.009889557,-0.01138475,0.021274306
-0.31337899999999996,0.021229506,0.009855956,-0.01137355,0.021229506
-0.311403,0.021212708000000004,0.009878357,-0.011334350000000002,0.021212708000000004
-0.309427,0.021050306,0.009766357000000002,-0.011283951,0.021050306
-0.307451,0.021117506,0.009788757,-0.011328750000000002,0.021117506
-0.305475,0.021095106000000002,0.009710357000000001,-0.01138475,0.021095106000000002
-0.30349899999999996,0.021027906000000002,0.009715957,-0.011311950000000001,0.021027906000000002
-0.30152399999999996,0.021095106000000002,0.009710357000000001,-0.01138475,0.021095106000000002
-0.299548,0.021067108,0.009727157,-0.011339950000000001,0.021067108
-0.297572,0.020966308000000003,0.009659957000000002,-0.011306351000000001,0.020966308000000003
-0.29559599999999997,0.021072706,0.009704757,-0.01136795,0.021072706
-0.29362,0.020977508000000002,0.009676757000000001,-0.011300751000000001,0.020977508000000002
-0.291644,0.021128708000000003,0.009771957000000001,-0.01135675,0.021128708000000003
-0.289668,0.020949508000000002,0.009648757,-0.011300751000000001,0.020949508000000002
-0.287692,0.021123106,0.009671157000000001,-0.01145195,0.021123106
-0.28571599999999997,0.021167906,0.009811156000000001,-0.01135675,0.021167906
-0.28374,0.021072706,0.009693557,-0.011379150000000001,0.021072706
-0.281764,0.021139906000000003,0.009704757,-0.011435150000000002,0.021139906000000003
-0.279789,0.021111906,0.009727157,-0.01138475,0.021111906
-0.277813,0.021106308000000004,0.009687957,-0.01141835,0.021106308000000004
-0.275837,0.021207106000000003,0.009788757,-0.01141835,0.021207106000000003
-0.27386099999999997,0.021195908,0.009799957000000002,-0.01139595,0.021195908
-0.271885,0.021067108,0.009665557000000002,-0.01140155,0.021067108
-0.269909,0.021078308,0.009682357,-0.01139595,0.021078308
-0.267933,0.021218308,0.009805556000000002,-0.011412750000000001,0.021218308
-0.265957,0.021279906,0.009749557,-0.011530349,0.021279906
-0.26398099999999997,0.021184706000000005,0.009721557,-0.011463150000000002,0.021184706000000005
-0.262005,0.021218308,0.009687957,-0.011530349,0.021218308
-0.260029,0.021313506000000003,0.009799957000000002,-0.011513549000000001,0.021313506000000003
-0.258054,0.021128708000000003,0.009693557,-0.011435150000000002,0.021128708000000003
-0.256078,0.021391906,0.009771957000000001,-0.011619949000000001,0.021391906
-0.254102,0.021313506000000003,0.009777557000000001,-0.011535949,0.021313506000000003
-0.25212599999999996,0.021391906,0.009805556000000002,-0.011586349000000001,0.021391906
-0.25015,0.021447904,0.009839156000000002,-0.011608749000000002,0.021447904
-0.24817399999999998,0.021464706000000004,0.009816756000000001,-0.011647948000000002,0.021464706000000004
-0.246198,0.021604706,0.009906357000000001,-0.011698349,0.021604706
-0.244222,0.021559904,0.009788757,-0.011771148,0.021559904
-0.242246,0.021694306,0.009906357000000001,-0.011787948000000001,0.021694306
-0.24026999999999998,0.021604706,0.009867157,-0.011737549000000002,0.021604706
-0.23829399999999998,0.021694306,0.009911957,-0.011782348000000002,0.021694306
-0.236318,0.021795104000000003,0.009995956000000002,-0.011799148,0.021795104000000003
-0.234343,0.021767106,0.009934357000000001,-0.011832748000000002,0.021767106
-0.232367,0.021739104,0.009939957000000001,-0.011799148,0.021739104
-0.23039099999999998,0.021739104,0.009867157,-0.011871948,0.021739104
-0.22841499999999998,0.021767106,0.009934357000000001,-0.011832748000000002,0.021767106
-0.226439,0.021867904,0.010001556000000002,-0.011866348,0.021867904
-0.224463,0.021963104000000004,0.010068756,-0.011894348,0.021963104000000004
-0.222487,0.021901504000000002,0.009956756,-0.011944747,0.021901504000000002
-0.22051099999999998,0.021918304000000003,0.010035156,-0.011883148,0.021918304000000003
-0.21853499999999998,0.022091902000000004,0.010001556000000002,-0.012090346,0.022091902000000004
-0.216559,0.022136702,0.010057556,-0.012079146,0.022136702
-0.214583,0.022181502000000002,0.010124755000000001,-0.012056747,0.022181502000000002
-0.212608,0.022119902,0.010085556,-0.012034347,0.022119902
-0.21063199999999999,0.022254302000000004,0.010152755000000001,-0.012101546000000001,0.022254302000000004
-0.20865599999999998,0.022355100000000003,0.010264754000000001,-0.012090346,0.022355100000000003
-0.20668,0.022461502,0.010152755000000001,-0.012308746,0.022461502
-0.204704,0.022343900000000003,0.010225555,-0.012118346,0.022343900000000003
-0.202728,0.022427902000000003,0.010208755,-0.012219146,0.022427902000000003
-0.20075199999999999,0.022383102000000002,0.010158355,-0.012224746,0.022383102000000002
-0.19877599999999998,0.022612702000000002,0.010298354000000001,-0.012314346000000002,0.022612702000000002
-0.1968,0.022691100000000002,0.010326355000000002,-0.012364746000000001,0.022691100000000002
-0.194824,0.0227247,0.010376755000000001,-0.012347946000000002,0.0227247
-0.192848,0.022831100000000003,0.010404754,-0.012426345,0.022831100000000003
-0.190873,0.0226855,0.010298354000000001,-0.012387145,0.0226855
-0.18889699999999998,0.022887098,0.010399154,-0.012487945000000002,0.022887098
-0.186921,0.022909498000000004,0.010365555,-0.012543944000000001,0.022909498000000004
-0.184945,0.022987900000000002,0.010410354,-0.012577544000000001,0.022987900000000002
-0.182969,0.022887098,0.010371155,-0.012515945000000002,0.022887098
-0.180993,0.023083098,0.010488754000000001,-0.012594344,0.023083098
-0.17901699999999998,0.023189498000000003,0.010527954,-0.012661545000000001,0.023189498000000003
-0.177041,0.023273498000000004,0.010527954,-0.012745544000000001,0.023273498000000004
-0.175065,0.023267898000000002,0.010589553,-0.012678344000000001,0.023267898000000002
-0.173089,0.023245498,0.010505554,-0.012739944000000001,0.023245498
-0.171113,0.023329496,0.010578353,-0.012751144,0.023329496
-0.16913799999999998,0.023480696000000002,0.010623153000000001,-0.012857543,0.023480696000000002
-0.167162,0.023587096000000002,0.010707153,-0.012879943,0.023587096000000002
-0.165186,0.023598294000000002,0.010718352,-0.012879943,0.023598294000000002
-0.16321,0.023671096000000003,0.010679153,-0.012991942000000001,0.023671096000000003
-0.161234,0.023917496,0.010841553,-0.013075943000000001,0.023917496
-0.15925799999999998,0.023962296,0.010824753000000001,-0.013137542,0.023962296
-0.157282,0.024180694000000003,0.011003952000000001,-0.013176742000000002,0.024180694000000003
-0.155306,0.024113496,0.010925552000000002,-0.013187942000000001,0.024113496
-0.15333,0.024018294000000003,0.010880752,-0.013137542,0.024018294000000003
-0.151354,0.024264694,0.011009551000000001,-0.013255142000000001,0.024264694
-0.14937799999999998,0.024292694000000004,0.010953552000000002,-0.013339141000000002,0.024292694000000004
-0.147402,0.024522292000000005,0.011048751,-0.01347354,0.024522292000000005
-0.145427,0.02450549,0.011043151,-0.013462340000000001,0.02450549
-0.143451,0.024639892000000004,0.011104751000000001,-0.013535141,0.024639892000000004
-0.141475,0.024684690000000002,0.011199950000000002,-0.013484740000000002,0.024684690000000002
-0.13949899999999998,0.024779892,0.01118875,-0.013591140000000002,0.024779892
-0.137523,0.024970288,0.011183150000000001,-0.013787139,0.024970288
-0.135547,0.024919890000000004,0.011339950000000001,-0.013579941000000002,0.024919890000000004
-0.133571,0.02511029,0.011328750000000002,-0.013781539,0.02511029
-0.131595,0.02518309,0.01139035,-0.013792739000000002,0.02518309
-0.12961899999999998,0.025295088,0.01138475,-0.013910338,0.025295088
-0.127643,0.025334290000000002,0.011446350000000001,-0.013887939,0.025334290000000002
-0.125667,0.025502288,0.011479949000000001,-0.014022339,0.025502288
-0.123692,0.025530288000000005,0.01141835,-0.014111938000000001,0.025530288000000005
-0.12171599999999999,0.025647888000000004,0.011541549,-0.014106338000000001,0.025647888000000004
-0.11974,0.025715086,0.011580749000000001,-0.014134338000000001,0.025715086
-0.117764,0.025989486000000003,0.011709549,-0.014279937000000001,0.025989486000000003
-0.11578799999999999,0.026039886000000005,0.011754349,-0.014285537000000001,0.026039886000000005
-0.113812,0.025995084,0.011642348,-0.014352737000000003,0.025995084
-0.11183599999999999,0.026151886000000003,0.011771148,-0.014380736000000002,0.026151886000000003
-0.10986,0.026291884,0.011810348000000002,-0.014481537000000001,0.026291884
-0.107884,0.026415084000000002,0.011849548000000001,-0.014565536,0.026415084000000002
-0.105908,0.026476684,0.011961547000000001,-0.014515136000000001,0.026476684
-0.103932,0.026706284000000004,0.011950347,-0.014755935000000001,0.026706284000000004
-0.10195699999999999,0.026633482000000003,0.011983947000000002,-0.014649536000000001,0.026633482000000003
-0.09998112,0.026812682,0.012006347000000002,-0.014806335000000002,0.026812682
-0.09800520800000001,0.027070280000000002,0.012179947,-0.014890334000000002,0.027070280000000002
-0.096029296,0.027193480000000003,0.012191147000000001,-0.015002334,0.027193480000000003
-0.094053384,0.027232682,0.012207947,-0.015024734000000001,0.027232682
-0.09207747200000001,0.02726628,0.012168747000000002,-0.015097533,0.02726628
-0.09010156000000001,0.02737828,0.012235946000000001,-0.015142334000000002,0.02737828
-0.08812565600000001,0.027675078000000002,0.012426345,-0.015248733,0.027675078000000002
-0.086149736,0.027686278,0.012381545,-0.015304732000000001,0.027686278
-0.084173832,0.027927078,0.012515945000000002,-0.015411132000000001,0.027927078
-0.08219792000000001,0.027932676000000004,0.012499145000000001,-0.015433532000000002,0.027932676000000004
-0.080222,0.028106276000000003,0.012566344,-0.015539931,0.028106276000000003
-0.078246096,0.028134274000000004,0.012594344,-0.015539931,0.028134274000000004
-0.07627017600000001,0.028352676,0.012689544000000002,-0.015663132000000003,0.028352676
-0.07429427200000001,0.028419874,0.012605544000000002,-0.01581433,0.028419874
-0.07231836,0.028263074000000003,0.012583144000000001,-0.015679931,0.028263074000000003
-0.07034244,0.028543074,0.012751144,-0.015791930000000003,0.028543074
-0.068366536,0.028873472,0.012846343000000001,-0.016027129,0.028873472
-0.06639062800000001,0.028823074000000004,0.012835143000000002,-0.01598793,0.028823074000000004
-0.064414708,0.028923872000000003,0.012868743000000002,-0.016055129,0.028923872000000003
-0.0624388,0.029125472000000003,0.012975143000000001,-0.01615033,0.029125472000000003
-0.060462888000000006,0.029192670000000004,0.012991942000000001,-0.016200728,0.029192670000000004
-0.05848698,0.02922067,0.012986343000000001,-0.016234328,0.02922067
-0.056511068000000005,0.029321470000000002,0.013126343000000002,-0.016195129000000003,0.029321470000000002
-0.054535156,0.02950067,0.013159942,-0.016340728,0.02950067
-0.052559244000000005,0.029573468000000002,0.013126343000000002,-0.016447127000000002,0.029573468000000002
-0.050583332,0.029763868000000002,0.013193542000000003,-0.016570328000000002,0.029763868000000002
-0.048607420000000005,0.030183868000000006,0.013428741000000001,-0.016755126000000002,0.030183868000000006
-0.046631512,0.029931866000000005,0.013288741000000001,-0.016643126,0.029931866000000005
-0.044655600000000004,0.030183868000000006,0.013400741,-0.016783126000000002,0.030183868000000006
-0.042679688,0.030379866000000002,0.013462340000000001,-0.016917526000000002,0.030379866000000002
-0.040703776000000004,0.030430266,0.01344554,-0.016984726000000002,0.030430266
-0.038727864,0.030620665999999998,0.013523940000000002,-0.017096724,0.030620665999999998
-0.036751952000000004,0.030727062,0.013551941000000001,-0.017175124,0.030727062
-0.03477604,0.030956664000000002,0.013647140000000002,-0.017309524,0.030956664000000002
-0.032800130000000004,0.030984664000000002,0.013686340000000002,-0.017298324,0.030984664000000002
-0.030824218,0.031208662,0.013826339000000002,-0.017382324,0.031208662
-0.028848308000000003,0.03127026200000001,0.013775939000000001,-0.017494322,0.03127026200000001
-0.026872396000000003,0.031371064000000004,0.013809539000000001,-0.017561522000000003,0.031371064000000004
-0.024896484,0.031483058,0.013865539000000001,-0.017617522000000004,0.031483058
-0.022920574000000003,0.031813458,0.013983138,-0.01783032,0.031813458
-0.02094466,0.03188626,0.013994339000000001,-0.017891922,0.03188626
-0.01896875,0.032026262,0.014095138,-0.017931122000000004,0.032026262
-0.016992840000000002,0.032194257999999996,0.014044738000000001,-0.018149520000000002,0.032194257999999996
-0.015016926000000002,0.032188656,0.014117538,-0.018071120000000003,0.032188656
-0.013041016,0.032339860000000005,0.014195938,-0.01814392,0.032339860000000005
-0.011065104000000001,0.032446256,0.014156738000000002,-0.018289520000000004,0.032446256
-0.009089192000000001,0.032675854,0.014358336000000001,-0.018317518,0.032675854
-0.007113281000000001,0.032731856000000004,0.014285537000000001,-0.018446318,0.032731856000000004
-0.0051373700000000005,0.033107054000000004,0.014391936000000001,-0.018715116000000004,0.033107054000000004
-0.0031614580000000002,0.033252654,0.014475937000000001,-0.018776718,0.033252654
-0.001185546,0.033213450000000005,0.014419936000000001,-0.018793516,0.033213450000000005
0.000790364,0.033538254,0.014621536000000001,-0.018916718000000003,0.033538254
