timestamp,line
2026-01-06T17:02:48.146,e
2026-01-06T17:02:48.146,M0002
2026-01-06T17:02:48.239,"Pda7F0BE7Du;ba801CB5Ff,14,280;ba804875Ef,14,280;ba802BBFFf,14,280"
2026-01-06T17:02:48.239,"Pda7F0C635u;baA00B164a,14,280;ba8050A9Ef,14,280;ba804875Ef,14,280"
2026-01-06T17:02:48.255,"Pda7F0CDEDu;baA00B180a,14,280;ba805365Ef,14,280;ba804B31Ef,14,280"
2026-01-06T17:02:48.255,"Pda7F0D5A5u;ba9AB3E88a,14,280;ba805207Ef,14,280;ba804B31Ef,14,280"
2026-01-06T17:02:48.271,"Pda7F0DD5Du;baA56245Ca,14,280;ba8054C3Ef,14,280;ba804B31Ef,14,280"
2026-01-06T17:02:48.380,"Pda7F0E515u;baA00B180a,14,280;ba805365Ef,14,280;ba804B31Ef,14,280"
2026-01-06T17:02:48.387,"Pda7F0ECCDu;baA56245Ca,14,280;ba8054C3Ef,14,280;ba804B31Ef,14,280"
2026-01-06T17:02:48.393,"Pda7F0F485u;baA00B180a,14,280;ba805365Ef,14,280;ba804B31Ef,14,280"
2026-01-06T17:02:48.401,"Pda7F0FC3Du;baA00B164a,14,280;ba805207Ef,14,280;ba8049D3Ef,14,280"
2026-01-06T17:02:48.408,"Pda7F103F5u;baA00B180a,14,280;ba805365Ef,14,280;ba804B31Ef,14,280"
2026-01-06T17:02:48.415,"Pda7F10BACu;baA00B180a,14,280;ba805365Ef,14,280;ba804B31Ef,14,280"
2026-01-06T17:02:48.421,"Pda7F11364u;baA00B180a,14,280;ba805365Ef,14,280;ba804B31Ef,14,280"
2026-01-06T17:02:48.475,"Pda7F11B1Cu;baA00B180a,14,280;ba805365Ef,14,280;ba804B31Ef,14,280"
2026-01-06T17:02:48.490,"Pda7F122D4u;baA56245Ca,14,280;ba8054C3Ef,14,280;ba804B31Ef,14,280"
2026-01-06T17:02:48.490,"Pda7F12A8Cu;baA00B180a,14,280;ba805365Ef,14,280;ba804B31Ef,14,280"
2026-01-06T17:02:48.490,"Pda7F13244u;baB010A34a,14,280;ba805621Ef,14,280;ba8049D3Ef,14,280"
2026-01-06T17:02:48.506,"Pda7F139FCu;baAAB973Ca,14,280;ba8054C3Ef,14,280;ba8049D3Ef,14,280"
2026-01-06T17:02:48.506,"Pda7F141B4u;baA56245Ca,14,280;ba805365Ef,14,280;ba8049D3Ef,14,280"
2026-01-06T17:02:48.598,"Pda7F1496Cu;baA00B180a,14,280;ba805365Ef,14,280;ba804B31Ef,14,280"
2026-01-06T17:02:48.598,"Pda7F15124u;baAAB973Ca,14,280;ba8054C3Ef,14,280;ba8049D3Ef,14,280"
2026-01-06T17:02:48.614,"Pda7F158DCu;baAAB973Ca,14,280;ba8054C3Ef,14,280;ba8049D3Ef,14,280"
2026-01-06T17:02:48.614,"Pda7F16093u;baA56245Ca,14,280;ba805365Ef,14,280;ba8049D3Ef,14,280"
2026-01-06T17:02:48.629,"Pda7F1684Bu;baAAB973Ca,14,280;ba8054C3Ef,14,280;ba8049D3Ef,14,280"
2026-01-06T17:02:48.645,"Pda7F17003u;baA56245Ca,14,280;ba805365Ef,14,280;ba8049D3Ef,14,280"
2026-01-06T17:02:48.661,"Pda7F177BBu;baB010A34a,14,280;ba805621Ef,14,280;ba8049D3Ef,14,280"
2026-01-06T17:02:48.731,"Pda7F17F73u;baAAB973Ca,14,280;ba8054C3Ef,14,280;ba8049D3Ef,14,280"
2026-01-06T17:02:48.738,"Pda7F1872Bu;baA56245Ca,14,280;ba805365Ef,14,280;ba8049D3Ef,14,280"
2026-01-06T17:02:48.745,"Pda7F18EE3u;baB010A34a,14,280;ba805621Ef,14,280;ba8049D3Ef,14,280"
2026-01-06T17:02:48.752,"Pda7F1969Bu;baAAB973Ca,14,280;ba8054C3Ef,14,280;ba8049D3Ef,14,280"
2026-01-06T17:02:48.755,"Pda7F19E53u;baB010A34a,14,280;ba805621Ef,14,280;ba8049D3Ef,14,280"
2026-01-06T17:02:48.755,"Pda7F1A60Bu;baAAB973Ca,14,280;ba8054C3Ef,14,280;ba8049D3Ef,14,280"
2026-01-06T17:02:48.771,"Pda7F1ADC3u;baB567D10a,14,280;ba805621Ef,14,280;ba804875Ef,14,280"
2026-01-06T17:02:48.833,"Pda7F1B57Au;baB010A34a,14,280;ba805621Ef,14,280;ba8049D3Ef,14,280"
2026-01-06T17:02:48.833,"Pda7F1BD32u;baB567D10a,14,280;ba80577FEf,14,280;ba8049D3Ef,14,280"
2026-01-06T17:02:48.854,"Pda7F1C4EAu;baB010A34a,14,280;ba805621Ef,14,280;ba8049D3Ef,14,280"
2026-01-06T17:02:48.862,"Pda7F1CCA2u;baBABEFECa,14,280;ba8058DDEf,14,280;ba8049D3Ef,14,280"
2026-01-06T17:02:48.868,"Pda7F1D45Au;baB010A34a,14,280;ba805621Ef,14,280;ba8049D3Ef,14,280"
2026-01-06T17:02:48.875,"Pda7F1DC12u;baB010A34a,14,280;ba805621Ef,14,280;ba8049D3Ef,14,280"
2026-01-06T17:02:48.955,"Pda7F1E3CAu;baBABEFECa,14,280;ba80577FEf,14,280;ba804875Ef,14,280"
2026-01-06T17:02:48.962,"Pda7F1EB82u;baB010A34a,14,280;ba805621Ef,14,280;ba8049D3Ef,14,280"
2026-01-06T17:02:48.970,"Pda7F1F33Au;baB567D10a,14,280;ba80577FEf,14,280;ba8049D3Ef,14,280"
2026-01-06T17:02:48.975,"Pda7F1FAF2u;baB010A34a,14,280;ba805621Ef,14,280;ba8049D3Ef,14,280"
2026-01-06T17:02:48.975,"Pda7F202AAu;baBABEFECa,14,280;ba8058DDEf,14,280;ba8049D3Ef,14,280"
2026-01-06T17:02:48.975,"Pda7F20A62u;baBABEFECa,14,280;ba80577FEf,14,280;ba804875Ef,14,280"
2026-01-06T17:02:48.991,"Pda7F21219u;baBABEFECa,14,280;ba80577FEf,14,280;ba804875Ef,14,280"
2026-01-06T17:02:49.060,"Pda7F219D1u;baB567D10a,14,280;ba805621Ef,14,280;ba804875Ef,14,280"
2026-01-06T17:02:49.060,"Pda7F22189u;baB567D10a,14,280;ba805621Ef,14,280;ba804875Ef,14,280"
2026-01-06T17:02:49.076,"Pda7F22941u;baC0162C8a,14,280;ba8058DDEf,14,280;ba804875Ef,14,280"
2026-01-06T17:02:49.076,"Pda7F230F9u;baB567D10a,14,280;ba805621Ef,14,280;ba804875Ef,14,280"
2026-01-06T17:02:49.092,"Pda7F238B1u;baBABEFECa,14,280;ba80577FEf,14,280;ba804875Ef,14,280"
2026-01-06T17:02:49.107,"Pda7F24069u;baB567D10a,14,280;ba805621Ef,14,280;ba804875Ef,14,280"
2026-01-06T17:02:49.107,"Pda7F24821u;baC0162C8a,14,280;ba8058DDEf,14,280;ba804875Ef,14,280"
2026-01-06T17:02:49.123,"Pda7F24FD9u;baBABEFECa,14,280;ba80577FEf,14,280;ba804875Ef,14,280"
2026-01-06T17:02:49.123,"Pda7F25791u;baC56D5C0a,14,280;ba8058DDEf,14,280;ba804717Ef,14,280"
2026-01-06T17:02:49.123,"Pda7F25F49u;baBABEFECa,14,280;ba80577FEf,14,280;ba804875Ef,14,280"
2026-01-06T17:02:49.139,"Pda7F26700u;baBABEFECa,14,280;ba80577FEf,14,280;ba804875Ef,14,280"
2026-01-06T17:02:49.139,"Pda7F26EB8u;baC0162C8a,14,280;ba8058DDEf,14,280;ba804875Ef,14,280"
2026-01-06T17:02:49.154,"Pda7F27670u;baBABEFECa,14,280;ba80577FEf,14,280;ba804875Ef,14,280"
2026-01-06T17:02:49.208,"Pda7F27E28u;baC0162C8a,14,280;ba8058DDEf,14,280;ba804875Ef,14,280"
2026-01-06T17:02:49.224,"Pda7F285E0u;baC0162E8a,14,280;ba80577FEf,14,280;ba804717Ef,14,280"
2026-01-06T17:02:49.224,"Pda7F28D98u;baC56D5C0a,14,280;ba8058DDEf,14,280;ba804717Ef,14,280"
2026-01-06T17:02:49.239,"Pda7F29550u;baC56D5C0a,14,280;ba8058DDEf,14,280;ba804717Ef,14,280"
2026-01-06T17:02:49.239,"Pda7F29D08u;baCAC48B8a,14,280;ba805A3BEf,14,280;ba804717Ef,14,280"
2026-01-06T17:02:49.239,"Pda7F2A4C0u;baC0162C8a,14,280;ba8058DDEf,14,280;ba804875Ef,14,280"
2026-01-06T17:02:49.349,"Pda7F2AC78u;baC56D5C0a,14,280;ba805A3BEf,14,280;ba804875Ef,14,280"
2026-01-06T17:02:49.364,"Pda7F2B430u;baC0162C8a,14,280;ba8058DDEf,14,280;ba804875Ef,14,280"
2026-01-06T17:02:49.364,"Pda7F2BBE7u;baC0162E8a,14,280;ba80577FEf,14,280;ba804717Ef,14,280"
2026-01-06T17:02:49.380,"Pda7F2C39Fu;baCAC48B8a,14,280;ba805A3BEf,14,280;ba804717Ef,14,280"
2026-01-06T17:02:49.380,"Pda7F2CB57u;baC0162E8a,14,280;ba80577FEf,14,280;ba804717Ef,14,280"
2026-01-06T17:02:49.380,"Pda7F2D30Fu;baCAC48B8a,14,280;ba805A3BEf,14,280;ba804717Ef,14,280"
2026-01-06T17:02:49.481,"Pda7F2DAC7u;baC56D5C0a,14,280;ba8058DDEf,14,280;ba804717Ef,14,280"
2026-01-06T17:02:49.489,"Pda7F2E27Fu;baCAC48B8a,14,280;ba805A3BEf,14,280;ba804717Ef,14,280"
2026-01-06T17:02:49.506,"Pda7F2EA37u;baC56D5C0a,14,280;ba8058DDEf,14,280;ba804717Ef,14,280"
2026-01-06T17:02:49.522,"Pda7F2F1EFu;baCAC48A0a,14,280;ba805B99Ef,14,280;ba804875Ef,14,280"
2026-01-06T17:02:49.522,"Pda7F2F9A7u;baC56D5C0a,14,280;ba8058DDEf,14,280;ba804717Ef,14,280"
2026-01-06T17:02:49.522,"Pda7F3015Fu;baC56D5C0a,14,280;ba8058DDEf,14,280;ba804717Ef,14,280"
2026-01-06T17:02:49.537,"Pda7F30917u;baCAC48B8a,14,280;ba805A3BEf,14,280;ba804717Ef,14,280"
2026-01-06T17:02:49.537,"Pda7F310CEu;baC56D5C0a,14,280;ba8058DDEf,14,280;ba804717Ef,14,280"
2026-01-06T17:02:49.553,"Pda7F31886u;baCAC48B8a,14,280;ba805A3BEf,14,280;ba804717Ef,14,280"
2026-01-06T17:02:49.553,"Pda7F3203Eu;baC0162C8a,14,280;ba8058DDEf,14,280;ba804875Ef,14,280"
2026-01-06T17:02:49.568,"Pda7F327F6u;baCAC48B8a,14,280;ba805A3BEf,14,280;ba804717Ef,14,280"
2026-01-06T17:02:49.568,"Pda7F32FAEu;baC56D5C0a,14,280;ba8058DDEf,14,280;ba804717Ef,14,280"
2026-01-06T17:02:49.584,"Pda7F33766u;baCAC48B8a,14,280;ba805A3BEf,14,280;ba804717Ef,14,280"
2026-01-06T17:02:49.646,"Pda7F33F1Eu;baC56D5C0a,14,280;ba805A3BEf,14,280;ba804875Ef,14,280"
2026-01-06T17:02:49.646,"Pda7F346D6u;baC56D5C0a,14,280;ba8058DDEf,14,280;ba804717Ef,14,280"
2026-01-06T17:02:49.662,"Pda7F34E8Eu;baC56D5C0a,14,280;ba805A3BEf,14,280;ba804875Ef,14,280"
2026-01-06T17:02:49.662,"Pda7F35646u;baC56D5C0a,14,280;ba8058DDEf,14,280;ba804717Ef,14,280"
2026-01-06T17:02:49.677,"Pda7F35DFEu;baCAC48B8a,14,280;ba805A3BEf,14,280;ba804717Ef,14,280"
2026-01-06T17:02:49.677,"Pda7F365B6u;baCAC48B8a,14,280;ba805A3BEf,14,280;ba804717Ef,14,280"
2026-01-06T17:02:49.677,"Pda7F36D6Du;baCAC48B8a,14,280;ba805A3BEf,14,280;ba804717Ef,14,280"
2026-01-06T17:02:49.772,"Pda7F37525u;baCAC48B8a,14,280;ba805A3BEf,14,280;ba804717Ef,14,280"
2026-01-06T17:02:49.772,"Pda7F37CDDu;baD01BB98a,14,280;ba805A3BEf,14,280;ba8045B9Ef,14,280"
2026-01-06T17:02:49.787,"Pda7F38495u;baCAC48B8a,14,280;ba805A3BEf,14,280;ba804717Ef,14,280"
2026-01-06T17:02:49.787,"Pda7F38C4Du;baD01BB98a,14,280;ba805B99Ef,14,280;ba804717Ef,14,280"
2026-01-06T17:02:49.803,"Pda7F39405u;baCAC48B8a,14,280;ba805A3BEf,14,280;ba804717Ef,14,280"
2026-01-06T17:02:49.803,"Pda7F39BBDu;baCAC48A0a,14,280;ba8058DDEf,14,280;ba8045B9Ef,14,280"
2026-01-06T17:02:49.895,"Pda7F3A375u;baCAC48B8a,14,280;ba805A3BEf,14,280;ba804717Ef,14,280"
2026-01-06T17:02:49.914,"Pda7F3AB2Du;baC56D5C0a,14,280;ba8058DDEf,14,280;ba804717Ef,14,280"
2026-01-06T17:02:49.922,"Pda7F3B2E5u;baCAC48B8a,14,280;ba805A3BEf,14,280;ba804717Ef,14,280"
2026-01-06T17:02:49.928,"Pda7F3BA9Du;baCAC48B8a,14,280;ba805A3BEf,14,280;ba804717Ef,14,280"
2026-01-06T17:02:49.935,"Pda7F3C254u;baD01BB98a,14,280;ba805B99Ef,14,280;ba804717Ef,14,280"
2026-01-06T17:02:49.941,"Pda7F3CA0Cu;baCAC48B8a,14,280;ba805A3BEf,14,280;ba804717Ef,14,280"
2026-01-06T17:02:49.943,"Pda7F3D1C4u;baD01BB98a,14,280;ba805B99Ef,14,280;ba804717Ef,14,280"
2026-01-06T17:02:50.019,"Pda7F3D97Cu;baCAC48B8a,14,280;ba805A3BEf,14,280;ba804717Ef,14,280"
2026-01-06T17:02:50.026,"Pda7F3E134u;baCAC48B8a,14,280;ba805A3BEf,14,280;ba804717Ef,14,280"
2026-01-06T17:02:50.032,"Pda7F3E8ECu;baCAC48B8a,14,280;ba805A3BEf,14,280;ba804717Ef,14,280"
2026-01-06T17:02:50.039,"Pda7F3F0A4u;baC56D5C0a,14,280;ba8058DDEf,14,280;ba804717Ef,14,280"
2026-01-06T17:02:50.046,"Pda7F3F85Cu;baC56D5C0a,14,280;ba805A3BEf,14,280;ba804875Ef,14,280"
2026-01-06T17:02:50.053,"Pda7F40014u;baCAC48B8a,14,280;ba805A3BEf,14,280;ba804717Ef,14,280"
2026-01-06T17:02:50.053,"Pda7F407CCu;baD01BB98a,14,280;ba805B99Ef,14,280;ba804717Ef,14,280"
2026-01-06T17:02:50.131,"Pda7F40F84u;baCAC48B8a,14,280;ba805A3BEf,14,280;ba804717Ef,14,280"
2026-01-06T17:02:50.131,"Pda7F4173Bu;baCAC48A0a,14,280;ba805B99Ef,14,280;ba804875Ef,14,280"
2026-01-06T17:02:50.131,"Pda7F41EF3u;baCAC48B8a,14,280;ba805A3BEf,14,280;ba804717Ef,14,280"
2026-01-06T17:02:50.153,"Pda7F426ABu;baC0162C8a,14,280;ba8058DDEf,14,280;ba804875Ef,14,280"
2026-01-06T17:02:50.159,"Pda7F42E63u;baC0162C8a,14,280;ba8058DDEf,14,280;ba804875Ef,14,280"
2026-01-06T17:02:50.161,"Pda7F4361Bu;baC0162C8a,14,280;ba8058DDEf,14,280;ba804875Ef,14,280"
2026-01-06T17:02:50.256,"Pda7F43DD3u;baC56D5C0a,14,280;ba805A3BEf,14,280;ba804875Ef,14,280"
2026-01-06T17:02:50.263,"Pda7F4458Bu;baC0162C8a,14,280;ba8058DDEf,14,280;ba804875Ef,14,280"
2026-01-06T17:02:50.269,"Pda7F44D43u;baC56D5C0a,14,280;ba805A3BEf,14,280;ba804875Ef,14,280"
2026-01-06T17:02:50.271,"Pda7F454FBu;baC56D5C0a,14,280;ba8058DDEf,14,280;ba804717Ef,14,280"
2026-01-06T17:02:50.271,"Pda7F45CB3u;baD01BB98a,14,280;ba805B99Ef,14,280;ba804717Ef,14,280"
2026-01-06T17:02:50.303,"Pda7F4646Bu;baC0162C8a,14,280;ba8058DDEf,14,280;ba804875Ef,14,280"
2026-01-06T17:02:50.318,"Pda7F46C23u;baCAC48A0a,14,280;ba805B99Ef,14,280;ba804875Ef,14,280"
2026-01-06T17:02:50.318,"Pda7F473DAu;baCAC48B8a,14,280;ba805A3BEf,14,280;ba804717Ef,14,280"
2026-01-06T17:02:50.318,"Pda7F47B92u;baC0162E8a,14,280;ba80577FEf,14,280;ba804717Ef,14,280"
2026-01-06T17:02:50.334,"Pda7F4834Au;baC56D5C0a,14,280;ba805A3BEf,14,280;ba804875Ef,14,280"
2026-01-06T17:02:50.334,"Pda7F48B02u;baC0162C8a,14,280;ba8058DDEf,14,280;ba804875Ef,14,280"
2026-01-06T17:02:50.349,"Pda7F492BAu;baC0162C8a,14,280;ba8058DDEf,14,280;ba804875Ef,14,280"
2026-01-06T17:02:50.349,"Pda7F49A72u;baC0162C8a,14,280;ba8058DDEf,14,280;ba804875Ef,14,280"
2026-01-06T17:02:50.427,"Pda7F4A22Au;baC56D5C0a,14,280;ba805A3BEf,14,280;ba804875Ef,14,280"
2026-01-06T17:02:50.427,"Pda7F4A9E2u;baC56D5C0a,14,280;ba805A3BEf,14,280;ba804875Ef,14,280"
2026-01-06T17:02:50.443,"Pda7F4B19Au;baCAC48B8a,14,280;ba805A3BEf,14,280;ba804717Ef,14,280"
2026-01-06T17:02:50.443,"Pda7F4B952u;baC56D5C0a,14,280;ba8058DDEf,14,280;ba804717Ef,14,280"
2026-01-06T17:02:50.443,"Pda7F4C10Au;baBABEFECa,14,280;ba80577FEf,14,280;ba804875Ef,14,280"
2026-01-06T17:02:50.459,"Pda7F4C8C1u;baC0162C8a,14,280;ba8058DDEf,14,280;ba804875Ef,14,280"
2026-01-06T17:02:50.459,"Pda7F4D079u;baC56D5C0a,14,280;ba8058DDEf,14,280;ba804717Ef,14,280"
2026-01-06T17:02:50.552,"Pda7F4D831u;baC56D5C0a,14,280;ba805A3BEf,14,280;ba804875Ef,14,280"
2026-01-06T17:02:50.552,"Pda7F4DFE9u;baC0162C8a,14,280;ba8058DDEf,14,280;ba804875Ef,14,280"
2026-01-06T17:02:50.568,"Pda7F4E7A1u;baC56D5C0a,14,280;ba805A3BEf,14,280;ba804875Ef,14,280"
2026-01-06T17:02:50.568,"Pda7F4EF59u;baC0162C8a,14,280;ba8058DDEf,14,280;ba804875Ef,14,280"
2026-01-06T17:02:50.568,"Pda7F4F711u;baC56D5C0a,14,280;ba805A3BEf,14,280;ba804875Ef,14,280"
2026-01-06T17:02:50.587,"Pda7F4FEC9u;baC0162C8a,14,280;ba8058DDEf,14,280;ba804875Ef,14,280"
2026-01-06T17:02:50.662,"Pda7F50681u;baC56D5C0a,14,280;ba805A3BEf,14,280;ba804875Ef,14,280"
2026-01-06T17:02:50.677,"Pda7F50E39u;baC0162C8a,14,280;ba8058DDEf,14,280;ba804875Ef,14,280"
2026-01-06T17:02:50.677,"Pda7F515F1u;baB567D10a,14,280;ba80577FEf,14,280;ba8049D3Ef,14,280"
2026-01-06T17:02:50.696,"Pda7F51DA8u;baC0162C8a,14,280;ba8058DDEf,14,280;ba804875Ef,14,280"
2026-01-06T17:02:50.702,"Pda7F52560u;baBABEFECa,14,280;ba80577FEf,14,280;ba804875Ef,14,280"
2026-01-06T17:02:50.709,"Pda7F52D18u;baC0162C8a,14,280;ba8058DDEf,14,280;ba804875Ef,14,280"
2026-01-06T17:02:50.709,"Pda7F534D0u;baBABEFECa,14,280;ba80577FEf,14,280;ba804875Ef,14,280"
2026-01-06T17:02:50.812,"Pda7F53C88u;baC0162C8a,14,280;ba8058DDEf,14,280;ba804875Ef,14,280"
2026-01-06T17:02:50.819,"Pda7F54440u;baBABEFECa,14,280;ba80577FEf,14,280;ba804875Ef,14,280"
2026-01-06T17:02:50.819,"Pda7F54BF8u;baC56D5C0a,14,280;ba805A3BEf,14,280;ba804875Ef,14,280"
2026-01-06T17:02:50.819,"Pda7F553B0u;baBABEFECa,14,280;ba80577FEf,14,280;ba804875Ef,14,280"
2026-01-06T17:02:50.834,"Pda7F55B68u;baB567D10a,14,280;ba80577FEf,14,280;ba8049D3Ef,14,280"
2026-01-06T17:02:50.834,"Pda7F56320u;baBABEFECa,14,280;ba8058DDEf,14,280;ba8049D3Ef,14,280"
2026-01-06T17:02:50.850,"Pda7F56AD8u;baB567D10a,14,280;ba80577FEf,14,280;ba8049D3Ef,14,280"
2026-01-06T17:02:50.922,"Pda7F5728Fu;baBABEFECa,14,280;ba8058DDEf,14,280;ba8049D3Ef,14,280"
2026-01-06T17:02:50.928,"Pda7F57A47u;baB567D10a,14,280;ba80577FEf,14,280;ba8049D3Ef,14,280"
2026-01-06T17:02:50.928,"Pda7F581FFu;baBABEFECa,14,280;ba8058DDEf,14,280;ba8049D3Ef,14,280"
2026-01-06T17:02:50.928,"Pda7F589B7u;baB567D10a,14,280;ba80577FEf,14,280;ba8049D3Ef,14,280"
2026-01-06T17:02:50.944,"Pda7F5916Fu;baC0162E8a,14,280;ba805A3BEf,14,280;ba8049D3Ef,14,280"
2026-01-06T17:02:50.944,"Pda7F59927u;baB567D10a,14,280;ba80577FEf,14,280;ba8049D3Ef,14,280"
2026-01-06T17:02:50.959,"Pda7F5A0DFu;baB567D10a,14,280;ba80577FEf,14,280;ba8049D3Ef,14,280"
2026-01-06T17:02:50.959,"Pda7F5A897u;baBABEFECa,14,280;ba8058DDEf,14,280;ba8049D3Ef,14,280"
2026-01-06T17:02:50.975,"Pda7F5B04Fu;baB010A34a,14,280;ba80577FEf,14,280;ba804B31Ef,14,280"
2026-01-06T17:02:50.975,"Pda7F5B807u;baB567D10a,14,280;ba8058DDEf,14,280;ba804B31Ef,14,280"
2026-01-06T17:02:50.975,"Pda7F5BFBFu;baB567D10a,14,280;ba80577FEf,14,280;ba8049D3Ef,14,280"
2026-01-06T17:02:50.991,"Pda7F5C777u;baBABEFECa,14,280;ba8058DDEf,14,280;ba8049D3Ef,14,280"
2026-01-06T17:02:50.991,"Pda7F5CF2Eu;baB567D10a,14,280;ba80577FEf,14,280;ba8049D3Ef,14,280"
2026-01-06T17:02:51.062,"Pda7F5D6E6u;baBABF008a,14,280;ba805A3BEf,14,280;ba804B31Ef,14,280"
2026-01-06T17:02:51.094,"Pda7F5DE9Eu;ba2A8D188a,14,280;ba803551Ff,14,280;ba804B31Ef,14,280"
2026-01-06T17:02:51.094,"Pda7F5E656u;ba8024E9Ff,14,280;ba806C01Ef,14,280;ba804717Ef,14,280"
2026-01-06T17:02:51.109,"Pda7F5EE0Eu;ba802903Ff,14,280;ba806945Ef,14,280;ba804041Ef,14,280"
2026-01-06T17:02:51.109,"Pda7F5F5C6u;ba8027A5Ff,14,280;ba8067E7Ef,14,280;ba804041Ef,14,280"
2026-01-06T17:02:51.125,"Pda7F5FD7Eu;ba802903Ff,14,280;ba8067E7Ef,14,280;ba803EE3Ef,14,280"
2026-01-06T17:02:51.187,"Pda7F60536u;ba8027A5Ff,14,280;ba806689Ef,14,280;ba803EE3Ef,14,280"
2026-01-06T17:02:51.187,"Pda7F60CEEu;ba802903Ff,14,280;ba8067E7Ef,14,280;ba803EE3Ef,14,280"
2026-01-06T17:02:51.203,"Pda7F614A6u;ba8027A5Ff,14,280;ba806689Ef,14,280;ba803EE3Ef,14,280"
2026-01-06T17:02:51.203,"Pda7F61C5Eu;ba802903Ff,14,280;ba8067E7Ef,14,280;ba803EE3Ef,14,280"
2026-01-06T17:02:51.219,"Pda7F62415u;ba8027A5Ff,14,280;ba806689Ef,14,280;ba803EE3Ef,14,280"
2026-01-06T17:02:51.219,"Pda7F62BCDu;ba8027A5Ff,14,280;ba8067E7Ef,14,280;ba804041Ef,14,280"
2026-01-06T17:02:51.234,"Pda7F63385u;ba802647Ff,14,280;ba806689Ef,14,280;ba804041Ef,14,280"
2026-01-06T17:02:51.302,"Pda7F63B3Du;ba802647Ff,14,280;ba806689Ef,14,280;ba804041Ef,14,280"
2026-01-06T17:02:51.302,"Pda7F642F5u;ba8027A5Ff,14,280;ba8067E7Ef,14,280;ba804041Ef,14,280"
2026-01-06T17:02:51.302,"Pda7F64AADu;ba8024E9Ff,14,280;ba80652BEf,14,280;ba804041Ef,14,280"
2026-01-06T17:02:51.318,"Pda7F65265u;ba802647Ff,14,280;ba806689Ef,14,280;ba804041Ef,14,280"
2026-01-06T17:02:51.318,"Pda7F65A1Du;ba80238BFf,14,280;ba80652BEf,14,280;ba80419FEf,14,280"
2026-01-06T17:02:51.340,"Pda7F661D5u;ba8027A5Ff,14,280;ba8067E7Ef,14,280;ba804041Ef,14,280"
2026-01-06T17:02:51.346,"Pda7F6698Du;ba8024E9Ff,14,280;ba80652BEf,14,280;ba804041Ef,14,280"
2026-01-06T17:02:51.412,"Pda7F67145u;ba802647Ff,14,280;ba806689Ef,14,280;ba804041Ef,14,280"
2026-01-06T17:02:51.412,"Pda7F678FCu;ba802647Ff,14,280;ba806689Ef,14,280;ba804041Ef,14,280"
2026-01-06T17:02:51.428,"Pda7F680B4u;ba8024E9Ff,14,280;ba80652BEf,14,280;ba804041Ef,14,280"
2026-01-06T17:02:51.434,"Pda7F6886Cu;ba802647Ff,14,280;ba806689Ef,14,280;ba804041Ef,14,280"
2026-01-06T17:02:51.441,"Pda7F69024u;ba80238BFf,14,280;ba80652BEf,14,280;ba80419FEf,14,280"
2026-01-06T17:02:51.447,"Pda7F697DCu;ba8024E9Ff,14,280;ba80652BEf,14,280;ba804041Ef,14,280"
2026-01-06T17:02:51.536,"Pda7F69F94u;ba80238BFf,14,280;ba80652BEf,14,280;ba80419FEf,14,280"
2026-01-06T17:02:51.552,"Pda7F6A74Cu;ba8024E9Ff,14,280;ba806689Ef,14,280;ba80419FEf,14,280"
2026-01-06T17:02:51.552,"Pda7F6AF04u;ba80238BFf,14,280;ba80652BEf,14,280;ba80419FEf,14,280"
2026-01-06T17:02:51.552,"Pda7F6B6BCu;ba802647Ff,14,280;ba806689Ef,14,280;ba804041Ef,14,280"
2026-01-06T17:02:51.572,"Pda7F6BE74u;ba8024E9Ff,14,280;ba80652BEf,14,280;ba804041Ef,14,280"
2026-01-06T17:02:51.580,"Pda7F6C62Cu;ba8024E9Ff,14,280;ba806689Ef,14,280;ba80419FEf,14,280"
2026-01-06T17:02:51.584,"Pda7F6CDE4u;ba80238BFf,14,280;ba80652BEf,14,280;ba80419FEf,14,280"
2026-01-06T17:02:51.662,"Pda7F6D59Bu;ba80222DFf,14,280;ba8063CDEf,14,280;ba80419FEf,14,280"
2026-01-06T17:02:51.662,"Pda7F6DD53u;ba80238BFf,14,280;ba80652BEf,14,280;ba80419FEf,14,280"
2026-01-06T17:02:51.662,"Pda7F6E50Bu;ba80222DFf,14,280;ba8063CDEf,14,280;ba80419FEf,14,280"
2026-01-06T17:02:51.683,"Pda7F6ECC3u;ba80222DFf,14,280;ba8063CDEf,14,280;ba80419FEf,14,280"
2026-01-06T17:02:51.690,"Pda7F6F47Bu;baD572E90a,14,280;ba806111Ef,14,280;ba804B31Ef,14,280"
2026-01-06T17:02:51.694,"Pda7F6FC33u;baC0162E8a,14,280;ba805CF7Ef,14,280;ba804C8FEf,14,280"
2026-01-06T17:02:51.801,"Pda7F703EBu;ba955CB90a,14,280;ba8058DDEf,14,280;ba805365Ef,14,280"
2026-01-06T17:02:51.801,"Pda7F70BA3u;ba9AB3E88a,14,280;ba805A3BEf,14,280;ba805365Ef,14,280"
2026-01-06T17:02:51.817,"Pda7F7135Bu;ba90058B2a,14,280;ba80577FEf,14,280;ba805365Ef,14,280"
2026-01-06T17:02:51.817,"Pda7F71B13u;ba90058B2a,14,280;ba80577FEf,14,280;ba805365Ef,14,280"
2026-01-06T17:02:51.833,"Pda7F722CBu;ba90058B2a,14,280;ba8058DDEf,14,280;ba8054C3Ef,14,280"
2026-01-06T17:02:51.833,"Pda7F72A82u;ba8AAE5D5a,14,280;ba805621Ef,14,280;ba805365Ef,14,280"
2026-01-06T17:02:51.848,"Pda7F7323Au;ba90058B2a,14,280;ba80577FEf,14,280;ba805365Ef,14,280"
2026-01-06T17:02:51.848,"Pda7F739F2u;ba8AAE5D5a,14,280;ba80577FEf,14,280;ba8054C3Ef,14,280"
2026-01-06T17:02:51.848,"Pda7F741AAu;ba955CB90a,14,280;ba8058DDEf,14,280;ba805365Ef,14,280"
2026-01-06T17:02:51.864,"Pda7F74962u;ba90058B2a,14,280;ba80577FEf,14,280;ba805365Ef,14,280"
2026-01-06T17:02:51.864,"Pda7F7511Au;ba955CB90a,14,280;ba8058DDEf,14,280;ba805365Ef,14,280"
2026-01-06T17:02:51.903,"Pda7F758D2u;ba8AAE5D5a,14,280;ba80577FEf,14,280;ba8054C3Ef,14,280"
2026-01-06T17:02:51.910,"Pda7F7608Au;ba85572F8a,14,280;ba805621Ef,14,280;ba8054C3Ef,14,280"
2026-01-06T17:02:51.975,"Pda7F76842u;ba85572F8a,14,280;ba805621Ef,14,280;ba8054C3Ef,14,280"
2026-01-06T17:02:51.975,"Pda7F76FFAu;ba85572F8a,14,280;ba805621Ef,14,280;ba8054C3Ef,14,280"
2026-01-06T17:02:51.975,"Pda7F777B2u;ba85572F8a,14,280;ba805621Ef,14,280;ba8054C3Ef,14,280"
2026-01-06T17:02:51.990,"Pda7F77F69u;ba85572F8a,14,280;ba805621Ef,14,280;ba8054C3Ef,14,280"
2026-01-06T17:02:51.990,"Pda7F78721u;ba8AAE5D5a,14,280;ba80577FEf,14,280;ba8054C3Ef,14,280"
2026-01-06T17:02:52.007,"Pda7F78ED9u;ba85572F8a,14,280;ba805621Ef,14,280;ba8054C3Ef,14,280"
2026-01-06T17:02:52.014,"Pda7F79691u;ba8AAE5D5a,14,280;ba80577FEf,14,280;ba8054C3Ef,14,280"
2026-01-06T17:02:52.083,"Pda7F79E49u;ba85572F8a,14,280;ba805621Ef,14,280;ba8054C3Ef,14,280"
2026-01-06T17:02:52.099,"Pda7F7A601u;ba85572DDa,14,280;ba80577FEf,14,280;ba805621Ef,14,280"
2026-01-06T17:02:52.099,"Pda7F7ADB9u;ba85572F8a,14,280;ba805621Ef,14,280;ba8054C3Ef,14,280"
2026-01-06T17:02:52.116,"Pda7F7B571u;ba8000000 ,14,280;ba8054C3Ef,14,280;ba8054C3Ef,14,280"
2026-01-06T17:02:52.123,"Pda7F7BD29u;ba85572F8a,14,280;ba805621Ef,14,280;ba8054C3Ef,14,280"
2026-01-06T17:02:52.130,"Pda7F7C4E1u;ba7AA8D08a,14,280;ba8054C3Ef,14,280;ba805621Ef,14,280"
2026-01-06T17:02:52.193,"Pda7F7CC99u;ba8AAE5D5a,14,280;ba80577FEf,14,280;ba8054C3Ef,14,280"
2026-01-06T17:02:52.209,"Pda7F7D451u;ba8000000 ,14,280;ba8054C3Ef,14,280;ba8054C3Ef,14,280"
2026-01-06T17:02:52.209,"Pda7F7DC08u;ba8000000 ,14,280;ba805621Ef,14,280;ba805621Ef,14,280"
2026-01-06T17:02:52.227,"Pda7F7E3C0u;ba7AA8D08a,14,280;ba8054C3Ef,14,280;ba805621Ef,14,280"
2026-01-06T17:02:52.233,"Pda7F7EB78u;ba8000000 ,14,280;ba805621Ef,14,280;ba805621Ef,14,280"
2026-01-06T17:02:52.240,"Pda7F7F330u;ba8000000 ,14,280;ba805621Ef,14,280;ba805621Ef,14,280"
2026-01-06T17:02:52.240,"Pda7F7FAE8u;ba7AA8D08a,14,280;ba8054C3Ef,14,280;ba805621Ef,14,280"
2026-01-06T17:02:52.331,"Pda7F802A0u;ba7AA8D08a,14,280;ba8054C3Ef,14,280;ba805621Ef,14,280"
2026-01-06T17:02:52.337,"Pda7F80A58u;ba7AA8D08a,14,280;ba8054C3Ef,14,280;ba805621Ef,14,280"
2026-01-06T17:02:52.343,"Pda7F81210u;ba8000000 ,14,280;ba805621Ef,14,280;ba805621Ef,14,280"
2026-01-06T17:02:52.350,"Pda7F819C8u;ba6FFA74Ea,14,280;ba805365Ef,14,280;ba80577FEf,14,280"
2026-01-06T17:02:52.350,"Pda7F82180u;ba7551A2Ba,14,280;ba8054C3Ef,14,280;ba80577FEf,14,280"
2026-01-06T17:02:52.350,"Pda7F82938u;ba7551A2Ba,14,280;ba805365Ef,14,280;ba805621Ef,14,280"
2026-01-06T17:02:52.365,"Pda7F830EFu;ba7AA8D23a,14,280;ba805621Ef,14,280;ba80577FEf,14,280"
2026-01-06T17:02:52.441,"Pda7F838A7u;ba6FFA74Ea,14,280;ba805365Ef,14,280;ba80577FEf,14,280"
2026-01-06T17:02:52.448,"Pda7F8405Fu;ba6FFA74Ea,14,280;ba805365Ef,14,280;ba80577FEf,14,280"
2026-01-06T17:02:52.455,"Pda7F84817u;ba6FFA74Ea,14,280;ba805365Ef,14,280;ba80577FEf,14,280"
2026-01-06T17:02:52.459,"Pda7F84FCFu;ba7551A2Ba,14,280;ba805365Ef,14,280;ba805621Ef,14,280"
2026-01-06T17:02:52.459,"Pda7F85787u;ba7551A2Ba,14,280;ba8054C3Ef,14,280;ba80577FEf,14,280"
2026-01-06T17:02:52.459,"Pda7F85F3Fu;ba6FFA74Ea,14,280;ba805365Ef,14,280;ba80577FEf,14,280"
2026-01-06T17:02:52.559,"Pda7F866F7u;ba7551A2Ba,14,280;ba8054C3Ef,14,280;ba80577FEf,14,280"
2026-01-06T17:02:52.566,"Pda7F86EAFu;ba6FFA74Ea,14,280;ba805365Ef,14,280;ba80577FEf,14,280"
2026-01-06T17:02:52.568,"Pda7F87667u;ba6FFA74Ea,14,280;ba8054C3Ef,14,280;ba8058DDEf,14,280"
2026-01-06T17:02:52.568,"Pda7F87E1Fu;ba6AA3470a,14,280;ba805365Ef,14,280;ba8058DDEf,14,280"
2026-01-06T17:02:52.584,"Pda7F885D6u;ba7551A2Ba,14,280;ba8054C3Ef,14,280;ba80577FEf,14,280"
2026-01-06T17:02:52.584,"Pda7F88D8Eu;ba6AA3470a,14,280;ba805365Ef,14,280;ba8058DDEf,14,280"
2026-01-06T17:02:52.599,"Pda7F89546u;ba6FFA74Ea,14,280;ba805365Ef,14,280;ba80577FEf,14,280"
2026-01-06T17:02:52.599,"Pda7F89CFEu;ba6AA3470a,14,280;ba805365Ef,14,280;ba8058DDEf,14,280"
2026-01-06T17:02:52.615,"Pda7F8A4B6u;ba654C178a,14,280;ba805207Ef,14,280;ba8058DDEf,14,280"
2026-01-06T17:02:52.615,"Pda7F8AC6Eu;ba6AA3470a,14,280;ba805365Ef,14,280;ba8058DDEf,14,280"
2026-01-06T17:02:52.615,"Pda7F8B426u;ba6AA3470a,14,280;ba805365Ef,14,280;ba8058DDEf,14,280"
2026-01-06T17:02:52.630,"Pda7F8BBDEu;ba6AA3470a,14,280;ba805365Ef,14,280;ba8058DDEf,14,280"
2026-01-06T17:02:52.630,"Pda7F8C396u;ba6AA3470a,14,280;ba805365Ef,14,280;ba8058DDEf,14,280"
2026-01-06T17:02:52.740,"Pda7F8CB4Eu;ba6AA3470a,14,280;ba805365Ef,14,280;ba8058DDEf,14,280"
2026-01-06T17:02:52.782,"Pda7F8D306u;ba6AA3456a,14,280;ba805207Ef,14,280;ba80577FEf,14,280"
2026-01-06T17:02:52.787,"Pda7F8DABDu;ba6AA3456a,14,280;ba805207Ef,14,280;ba80577FEf,14,280"
2026-01-06T17:02:52.787,"Pda7F8E275u;ba6AA3470a,14,280;ba805365Ef,14,280;ba8058DDEf,14,280"
2026-01-06T17:02:52.802,"Pda7F8EA2Du;ba5FF4E80a,14,280;ba805207Ef,14,280;ba805A3BEf,14,280"
2026-01-06T17:02:52.802,"Pda7F8F1E5u;ba654C178a,14,280;ba805207Ef,14,280;ba8058DDEf,14,280"
2026-01-06T17:02:52.802,"Pda7F8F99Du;ba654C178a,14,280;ba805207Ef,14,280;ba8058DDEf,14,280"
2026-01-06T17:02:52.818,"Pda7F90155u;ba6AA3470a,14,280;ba805365Ef,14,280;ba8058DDEf,14,280"
2026-01-06T17:02:52.818,"Pda7F9090Du;ba654C178a,14,280;ba805207Ef,14,280;ba8058DDEf,14,280"
2026-01-06T17:02:52.834,"Pda7F910C5u;ba6AA3470a,14,280;ba805365Ef,14,280;ba8058DDEf,14,280"
2026-01-06T17:02:52.834,"Pda7F9187Du;ba5FF4E9Ca,14,280;ba8050A9Ef,14,280;ba8058DDEf,14,280"
2026-01-06T17:02:52.834,"Pda7F92035u;ba6AA3470a,14,280;ba805365Ef,14,280;ba8058DDEf,14,280"
2026-01-06T17:02:52.849,"Pda7F927EDu;ba654C178a,14,280;ba805207Ef,14,280;ba8058DDEf,14,280"
2026-01-06T17:02:52.849,"Pda7F92FA5u;ba5A9DBA4a,14,280;ba8050A9Ef,14,280;ba805A3BEf,14,280"
2026-01-06T17:02:52.928,"Pda7F9375Cu;ba5FF4E80a,14,280;ba805207Ef,14,280;ba805A3BEf,14,280"
2026-01-06T17:02:52.928,"Pda7F93F14u;ba5A9DBA4a,14,280;ba8050A9Ef,14,280;ba805A3BEf,14,280"
2026-01-06T17:02:52.928,"Pda7F946CCu;ba654C178a,14,280;ba805207Ef,14,280;ba8058DDEf,14,280"
2026-01-06T17:02:52.943,"Pda7F94E84u;ba5A9DBA4a,14,280;ba8050A9Ef,14,280;ba805A3BEf,14,280"
2026-01-06T17:02:52.943,"Pda7F9563Cu;ba654C178a,14,280;ba805365Ef,14,280;ba805A3BEf,14,280"
2026-01-06T17:02:52.959,"Pda7F95DF4u;ba5FF4E80a,14,280;ba805207Ef,14,280;ba805A3BEf,14,280"
2026-01-06T17:02:53.054,"Pda7F965ACu;ba654C178a,14,280;ba805365Ef,14,280;ba805A3BEf,14,280"
2026-01-06T17:02:53.061,"Pda7F96D64u;ba5A9DBA4a,14,280;ba8050A9Ef,14,280;ba805A3BEf,14,280"
2026-01-06T17:02:53.064,"Pda7F9751Cu;ba4FEF5E8a,14,280;ba804F4BEf,14,280;ba805B99Ef,14,280"
2026-01-06T17:02:53.064,"Pda7F97CD4u;ba5A9DBA4a,14,280;ba8050A9Ef,14,280;ba805A3BEf,14,280"
2026-01-06T17:02:53.080,"Pda7F9848Cu;ba5A9DBA4a,14,280;ba8050A9Ef,14,280;ba805A3BEf,14,280"
2026-01-06T17:02:53.080,"Pda7F98C43u;ba5A9DBA4a,14,280;ba805207Ef,14,280;ba805B99Ef,14,280"
2026-01-06T17:02:53.080,"Pda7F993FBu;ba5A9DBA4a,14,280;ba8050A9Ef,14,280;ba805A3BEf,14,280"
2026-01-06T17:02:53.158,"Pda7F99BB3u;ba5A9DBA4a,14,280;ba805207Ef,14,280;ba805B99Ef,14,280"
2026-01-06T17:02:53.174,"Pda7F9A36Bu;ba55468C4a,14,280;ba8050A9Ef,14,280;ba805B99Ef,14,280"
2026-01-06T17:02:53.174,"Pda7F9AB23u;ba5FF4E80a,14,280;ba805207Ef,14,280;ba805A3BEf,14,280"
2026-01-06T17:02:53.189,"Pda7F9B2DBu;ba5A9DBA4a,14,280;ba8050A9Ef,14,280;ba805A3BEf,14,280"
2026-01-06T17:02:53.189,"Pda7F9BA93u;ba4FEF5E8a,14,280;ba804F4BEf,14,280;ba805B99Ef,14,280"
2026-01-06T17:02:53.189,"Pda7F9C24Bu;ba55468C4a,14,280;ba8050A9Ef,14,280;ba805B99Ef,14,280"
2026-01-06T17:02:53.283,"Pda7F9CA03u;ba5A9DBA4a,14,280;ba8050A9Ef,14,280;ba805A3BEf,14,280"
2026-01-06T17:02:53.283,"Pda7F9D1BBu;ba5A9DBA4a,14,280;ba805207Ef,14,280;ba805B99Ef,14,280"
2026-01-06T17:02:53.283,"Pda7F9D973u;ba55468C4a,14,280;ba804F4BEf,14,280;ba805A3BEf,14,280"
2026-01-06T17:02:53.299,"Pda7F9E12Au;ba5A9DBA4a,14,280;ba8050A9Ef,14,280;ba805A3BEf,14,280"
2026-01-06T17:02:53.299,"Pda7F9E8E2u;ba55468C4a,14,280;ba8050A9Ef,14,280;ba805B99Ef,14,280"
2026-01-06T17:02:53.316,"Pda7F9F09Au;ba5A9DBA4a,14,280;ba805207Ef,14,280;ba805B99Ef,14,280"
2026-01-06T17:02:53.322,"Pda7F9F852u;ba55468C4a,14,280;ba8050A9Ef,14,280;ba805B99Ef,14,280"
2026-01-06T17:02:53.432,"Pda7FA000Au;ba5A9DBA4a,14,280;ba805207Ef,14,280;ba805B99Ef,14,280"
2026-01-06T17:02:53.439,"Pda7FA07C2u;ba55468C4a,14,280;ba8050A9Ef,14,280;ba805B99Ef,14,280"
2026-01-06T17:02:53.443,"Pda7FA0F7Au;ba55468C4a,14,280;ba8050A9Ef,14,280;ba805B99Ef,14,280"
2026-01-06T17:02:53.443,"Pda7FA1732u;ba55468C4a,14,280;ba8050A9Ef,14,280;ba805B99Ef,14,280"
2026-01-06T17:02:53.459,"Pda7FA1EEAu;ba55468C4a,14,280;ba804F4BEf,14,280;ba805A3BEf,14,280"
2026-01-06T17:02:53.459,"Pda7FA26A2u;ba55468C4a,14,280;ba8050A9Ef,14,280;ba805B99Ef,14,280"
2026-01-06T17:02:53.552,"Pda7FA2E5Au;ba55468C4a,14,280;ba8050A9Ef,14,280;ba805B99Ef,14,280"
2026-01-06T17:02:53.568,"Pda7FA3612u;ba55468C4a,14,280;ba8050A9Ef,14,280;ba805B99Ef,14,280"
2026-01-06T17:02:53.568,"Pda7FA3DC9u;ba4FEF5E8a,14,280;ba804F4BEf,14,280;ba805B99Ef,14,280"
2026-01-06T17:02:53.584,"Pda7FA4581u;ba55468C4a,14,280;ba8050A9Ef,14,280;ba805B99Ef,14,280"
2026-01-06T17:02:53.599,"Pda7FA4D39u;ba4FEF5E8a,14,280;ba804F4BEf,14,280;ba805B99Ef,14,280"
2026-01-06T17:02:53.615,"Pda7FA54F1u;ba4FEF5E8a,14,280;ba804F4BEf,14,280;ba805B99Ef,14,280"
2026-01-06T17:02:53.615,"Pda7FA5CA9u;ba55468C4a,14,280;ba8050A9Ef,14,280;ba805B99Ef,14,280"
2026-01-06T17:02:53.631,"Pda7FA6461u;ba4FEF5E8a,14,280;ba804F4BEf,14,280;ba805B99Ef,14,280"
2026-01-06T17:02:53.631,"Pda7FA6C19u;ba55468C4a,14,280;ba8050A9Ef,14,280;ba805B99Ef,14,280"
2026-01-06T17:02:53.631,"Pda7FA73D1u;ba4FEF5E8a,14,280;ba804F4BEf,14,280;ba805B99Ef,14,280"
2026-01-06T17:02:53.651,"Pda7FA7B89u;ba5A9DBA4a,14,280;ba805207Ef,14,280;ba805B99Ef,14,280"
2026-01-06T17:02:53.657,"Pda7FA8341u;ba4FEF5E8a,14,280;ba804F4BEf,14,280;ba805B99Ef,14,280"
2026-01-06T17:02:53.662,"Pda7FA8AF9u;ba5A9DBA4a,14,280;ba805207Ef,14,280;ba805B99Ef,14,280"
2026-01-06T17:02:53.662,"Pda7FA92B0u;ba4FEF5E8a,14,280;ba804F4BEf,14,280;ba805B99Ef,14,280"
2026-01-06T17:02:53.725,"Pda7FA9A68u;ba4FEF5E8a,14,280;ba804F4BEf,14,280;ba805B99Ef,14,280"
2026-01-06T17:02:53.741,"Pda7FAA220u;ba4FEF5E8a,14,280;ba804F4BEf,14,280;ba805B99Ef,14,280"
2026-01-06T17:02:53.741,"Pda7FAA9D8u;ba55468C4a,14,280;ba804F4BEf,14,280;ba805A3BEf,14,280"
2026-01-06T17:02:53.756,"Pda7FAB190u;ba55468C4a,14,280;ba8050A9Ef,14,280;ba805B99Ef,14,280"
2026-01-06T17:02:53.763,"Pda7FAB948u;ba4FEF5CCa,14,280;ba8050A9Ef,14,280;ba805CF7Ef,14,280"
2026-01-06T17:02:53.769,"Pda7FAC100u;ba5A9DBA4a,14,280;ba805207Ef,14,280;ba805B99Ef,14,280"
2026-01-06T17:02:53.850,"Pda7FAC8B8u;ba4FEF5CCa,14,280;ba8050A9Ef,14,280;ba805CF7Ef,14,280"
2026-01-06T17:02:53.867,"Pda7FAD070u;ba5A9DBA4a,14,280;ba805207Ef,14,280;ba805B99Ef,14,280"
2026-01-06T17:02:53.874,"Pda7FAD828u;ba55468C4a,14,280;ba8050A9Ef,14,280;ba805B99Ef,14,280"
2026-01-06T17:02:53.880,"Pda7FADFE0u;ba5FF4E80a,14,280;ba805207Ef,14,280;ba805A3BEf,14,280"
2026-01-06T17:02:53.881,"Pda7FAE797u;ba55468C4a,14,280;ba8050A9Ef,14,280;ba805B99Ef,14,280"
2026-01-06T17:02:53.881,"Pda7FAEF4Fu;ba4FEF5E8a,14,280;ba804F4BEf,14,280;ba805B99Ef,14,280"
2026-01-06T17:02:53.900,"Pda7FAF707u;ba55468C4a,14,280;ba8050A9Ef,14,280;ba805B99Ef,14,280"
2026-01-06T17:02:53.977,"Pda7FAFEBFu;ba55468C4a,14,280;ba8050A9Ef,14,280;ba805B99Ef,14,280"
2026-01-06T17:02:53.984,"Pda7FB0677u;ba55468C4a,14,280;ba8050A9Ef,14,280;ba805B99Ef,14,280"
2026-01-06T17:02:53.990,"Pda7FB0E2Fu;ba4FEF5E8a,14,280;ba804F4BEf,14,280;ba805B99Ef,14,280"
2026-01-06T17:02:53.990,"Pda7FB15E7u;ba5FF4E80a,14,280;ba805207Ef,14,280;ba805A3BEf,14,280"
2026-01-06T17:02:53.990,"Pda7FB1D9Fu;ba55468C4a,14,280;ba8050A9Ef,14,280;ba805B99Ef,14,280"
2026-01-06T17:02:54.006,"Pda7FB2557u;ba5FF4E80a,14,280;ba805207Ef,14,280;ba805A3BEf,14,280"
2026-01-06T17:02:54.099,"Pda7FB2D0Fu;ba55468C4a,14,280;ba8050A9Ef,14,280;ba805B99Ef,14,280"
2026-01-06T17:02:54.099,"Pda7FB34C7u;ba55468C4a,14,280;ba8050A9Ef,14,280;ba805B99Ef,14,280"
2026-01-06T17:02:54.115,"Pda7FB3C7Eu;ba5A9DBA4a,14,280;ba8050A9Ef,14,280;ba805A3BEf,14,280"
2026-01-06T17:02:54.115,"Pda7FB4436u;ba55468C4a,14,280;ba804F4BEf,14,280;ba805A3BEf,14,280"
2026-01-06T17:02:54.130,"Pda7FB4BEEu;ba55468C4a,14,280;ba8050A9Ef,14,280;ba805B99Ef,14,280"
2026-01-06T17:02:54.130,"Pda7FB53A6u;ba5A9DBA4a,14,280;ba8050A9Ef,14,280;ba805A3BEf,14,280"
2026-01-06T17:02:54.146,"Pda7FB5B5Eu;ba55468C4a,14,280;ba8050A9Ef,14,280;ba805B99Ef,14,280"
2026-01-06T17:02:54.146,"Pda7FB6316u;ba5A9DBA4a,14,280;ba8050A9Ef,14,280;ba805A3BEf,14,280"
2026-01-06T17:02:54.146,"Pda7FB6ACEu;ba5A9DBA4a,14,280;ba805207Ef,14,280;ba805B99Ef,14,280"
2026-01-06T17:02:54.162,"Pda7FB7286u;ba55468C4a,14,280;ba8050A9Ef,14,280;ba805B99Ef,14,280"
2026-01-06T17:02:54.162,"Pda7FB7A3Eu;ba55468C4a,14,280;ba804F4BEf,14,280;ba805A3BEf,14,280"
2026-01-06T17:02:54.180,"Pda7FB81F6u;ba5A9DBA4a,14,280;ba8050A9Ef,14,280;ba805A3BEf,14,280"
2026-01-06T17:02:54.186,"Pda7FB89AEu;ba5A9DBA4a,14,280;ba8050A9Ef,14,280;ba805A3BEf,14,280"
2026-01-06T17:02:54.240,"Pda7FB9166u;ba5A9DBA4a,14,280;ba805207Ef,14,280;ba805B99Ef,14,280"
2026-01-06T17:02:54.255,"Pda7FB991Du;ba5A9DBA4a,14,280;ba8050A9Ef,14,280;ba805A3BEf,14,280"
2026-01-06T17:02:54.255,"Pda7FBA0D5u;ba5FF4E80a,14,280;ba805207Ef,14,280;ba805A3BEf,14,280"
2026-01-06T17:02:54.271,"Pda7FBA88Du;ba5A9DBA4a,14,280;ba8050A9Ef,14,280;ba805A3BEf,14,280"
2026-01-06T17:02:54.271,"Pda7FBB045u;ba5FF4E80a,14,280;ba805207Ef,14,280;ba805A3BEf,14,280"
2026-01-06T17:02:54.271,"Pda7FBB7FDu;ba5FF4E80a,14,280;ba805207Ef,14,280;ba805A3BEf,14,280"
2026-01-06T17:02:54.287,"Pda7FBBFB5u;ba654C178a,14,280;ba805365Ef,14,280;ba805A3BEf,14,280"
2026-01-06T17:02:54.365,"Pda7FBC76Du;ba5FF4E80a,14,280;ba805207Ef,14,280;ba805A3BEf,14,280"
2026-01-06T17:02:54.381,"Pda7FBCF25u;ba5A9DBA4a,14,280;ba8050A9Ef,14,280;ba805A3BEf,14,280"
2026-01-06T17:02:54.381,"Pda7FBD6DDu;ba5FF4E80a,14,280;ba805207Ef,14,280;ba805A3BEf,14,280"
2026-01-06T17:02:54.397,"Pda7FBDE95u;ba5A9DBA4a,14,280;ba8050A9Ef,14,280;ba805A3BEf,14,280"
2026-01-06T17:02:54.397,"Pda7FBE64Du;ba5FF4E80a,14,280;ba805207Ef,14,280;ba805A3BEf,14,280"
2026-01-06T17:02:54.414,"Pda7FBEE04u;ba5FF4E80a,14,280;ba805207Ef,14,280;ba805A3BEf,14,280"
2026-01-06T17:02:54.421,"Pda7FBF5BCu;ba654C178a,14,280;ba805365Ef,14,280;ba805A3BEf,14,280"
2026-01-06T17:02:54.475,"Pda7FBFD74u;ba5FF4E80a,14,280;ba805207Ef,14,280;ba805A3BEf,14,280"
2026-01-06T17:02:54.490,"Pda7FC052Cu;ba654C178a,14,280;ba805365Ef,14,280;ba805A3BEf,14,280"
2026-01-06T17:02:54.490,"Pda7FC0CE4u;ba5FF4E80a,14,280;ba805207Ef,14,280;ba805A3BEf,14,280"
2026-01-06T17:02:54.506,"Pda7FC149Cu;ba5FF4E80a,14,280;ba805207Ef,14,280;ba805A3BEf,14,280"
2026-01-06T17:02:54.506,"Pda7FC1C54u;ba5FF4E80a,14,280;ba805207Ef,14,280;ba805A3BEf,14,280"
2026-01-06T17:02:54.523,"Pda7FC240Cu;ba5FF4E80a,14,280;ba805207Ef,14,280;ba805A3BEf,14,280"
2026-01-06T17:02:54.614,"Pda7FC2BC4u;ba6AA3470a,14,280;ba805365Ef,14,280;ba8058DDEf,14,280"
2026-01-06T17:02:54.614,"Pda7FC337Cu;ba654C178a,14,280;ba805207Ef,14,280;ba8058DDEf,14,280"
2026-01-06T17:02:54.614,"Pda7FC3B34u;ba6AA3456a,14,280;ba8054C3Ef,14,280;ba805A3BEf,14,280"
2026-01-06T17:02:54.630,"Pda7FC42EBu;ba5FF4E80a,14,280;ba805207Ef,14,280;ba805A3BEf,14,280"
2026-01-06T17:02:54.630,"Pda7FC4AA3u;ba6FFA74Ea,14,280;ba8054C3Ef,14,280;ba8058DDEf,14,280"
2026-01-06T17:02:54.645,"Pda7FC525Bu;ba654C178a,14,280;ba805365Ef,14,280;ba805A3BEf,14,280"
2026-01-06T17:02:54.645,"Pda7FC5A13u;ba6AA3456a,14,280;ba8054C3Ef,14,280;ba805A3BEf,14,280"
2026-01-06T17:02:54.725,"Pda7FC61CBu;ba5FF4E80a,14,280;ba805207Ef,14,280;ba805A3BEf,14,280"
2026-01-06T17:02:54.732,"Pda7FC6983u;ba654C178a,14,280;ba805207Ef,14,280;ba8058DDEf,14,280"
2026-01-06T17:02:54.739,"Pda7FC713Bu;ba6AA3470a,14,280;ba805365Ef,14,280;ba8058DDEf,14,280"
2026-01-06T17:02:54.745,"Pda7FC78F3u;ba654C178a,14,280;ba805207Ef,14,280;ba8058DDEf,14,280"
2026-01-06T17:02:54.752,"Pda7FC80ABu;ba6AA3456a,14,280;ba8054C3Ef,14,280;ba805A3BEf,14,280"
2026-01-06T17:02:54.755,"Pda7FC8863u;ba654C178a,14,280;ba805365Ef,14,280;ba805A3BEf,14,280"
2026-01-06T17:02:54.851,"Pda7FC901Bu;ba6AA3456a,14,280;ba8054C3Ef,14,280;ba805A3BEf,14,280"
2026-01-06T17:02:54.857,"Pda7FC97D3u;ba6AA3470a,14,280;ba805365Ef,14,280;ba8058DDEf,14,280"
2026-01-06T17:02:54.864,"Pda7FC9F8Au;ba6FFA74Ea,14,280;ba8054C3Ef,14,280;ba8058DDEf,14,280"
2026-01-06T17:02:54.865,"Pda7FCA742u;ba6AA3470a,14,280;ba805365Ef,14,280;ba8058DDEf,14,280"
2026-01-06T17:02:54.865,"Pda7FCAEFAu;ba6AA3470a,14,280;ba805365Ef,14,280;ba8058DDEf,14,280"
2026-01-06T17:02:54.881,"Pda7FCB6B2u;ba6AA3470a,14,280;ba805365Ef,14,280;ba8058DDEf,14,280"
2026-01-06T17:02:54.881,"Pda7FCBE6Au;ba6FFA74Ea,14,280;ba805365Ef,14,280;ba80577FEf,14,280"
2026-01-06T17:02:54.974,"Pda7FCC622u;ba6AA3470a,14,280;ba805365Ef,14,280;ba8058DDEf,14,280"
2026-01-06T17:02:54.974,"Pda7FCCDDAu;ba6AA3470a,14,280;ba805365Ef,14,280;ba8058DDEf,14,280"
2026-01-06T17:02:54.990,"Pda7FCD592u;ba6FFA74Ea,14,280;ba8054C3Ef,14,280;ba8058DDEf,14,280"
2026-01-06T17:02:54.990,"Pda7FCDD4Au;ba7551A2Ba,14,280;ba8054C3Ef,14,280;ba80577FEf,14,280"
2026-01-06T17:02:54.990,"Pda7FCE502u;ba6FFA74Ea,14,280;ba8054C3Ef,14,280;ba8058DDEf,14,280"
2026-01-06T17:02:55.006,"Pda7FCECBAu;ba6FFA74Ea,14,280;ba805365Ef,14,280;ba80577FEf,14,280"
2026-01-06T17:02:55.006,"Pda7FCF471u;ba6AA3456a,14,280;ba805207Ef,14,280;ba80577FEf,14,280"
2026-01-06T17:02:55.021,"Pda7FCFC29u;ba6FFA74Ea,14,280;ba805365Ef,14,280;ba80577FEf,14,280"
2026-01-06T17:02:55.021,"Pda7FD03E1u;ba6AA3456a,14,280;ba805207Ef,14,280;ba80577FEf,14,280"
2026-01-06T17:02:55.037,"Pda7FD0B99u;ba7551A2Ba,14,280;ba8054C3Ef,14,280;ba80577FEf,14,280"
2026-01-06T17:02:55.043,"Pda7FD1351u;ba6FFA74Ea,14,280;ba805365Ef,14,280;ba80577FEf,14,280"
2026-01-06T17:02:55.051,"Pda7FD1B09u;ba7551A2Ba,14,280;ba8054C3Ef,14,280;ba80577FEf,14,280"
2026-01-06T17:02:55.058,"Pda7FD22C1u;ba6FFA74Ea,14,280;ba805365Ef,14,280;ba80577FEf,14,280"
2026-01-06T17:02:55.115,"Pda7FD2A79u;ba7AA8D23a,14,280;ba805621Ef,14,280;ba80577FEf,14,280"
2026-01-06T17:02:55.131,"Pda7FD3231u;ba7551A2Ba,14,280;ba8054C3Ef,14,280;ba80577FEf,14,280"
2026-01-06T17:02:55.131,"Pda7FD39E9u;ba7AA8D23a,14,280;ba805621Ef,14,280;ba80577FEf,14,280"
2026-01-06T17:02:55.162,"Pda7FD41A1u;ba7551A2Ba,14,280;ba8054C3Ef,14,280;ba80577FEf,14,280"
2026-01-06T17:02:55.162,"Pda7FD4958u;ba7AA8D08a,14,280;ba8054C3Ef,14,280;ba805621Ef,14,280"
2026-01-06T17:02:55.180,"Pda7FD5110u;ba8000000 ,14,280;ba805621Ef,14,280;ba805621Ef,14,280"
2026-01-06T17:02:55.186,"Pda7FD58C8u;ba6FFA74Ea,14,280;ba805365Ef,14,280;ba80577FEf,14,280"
2026-01-06T17:02:55.240,"Pda7FD6080u;ba7AA8D08a,14,280;ba8054C3Ef,14,280;ba805621Ef,14,280"
2026-01-06T17:02:55.255,"Pda7FD6838u;ba7AA8D08a,14,280;ba8054C3Ef,14,280;ba805621Ef,14,280"
2026-01-06T17:02:55.255,"Pda7FD6FF0u;ba8000000 ,14,280;ba805621Ef,14,280;ba805621Ef,14,280"
2026-01-06T17:02:55.272,"Pda7FD77A8u;ba8000000 ,14,280;ba805621Ef,14,280;ba805621Ef,14,280"
2026-01-06T17:02:55.279,"Pda7FD7F60u;ba8AAE5D5a,14,280;ba80577FEf,14,280;ba8054C3Ef,14,280"
2026-01-06T17:02:55.285,"Pda7FD8718u;ba8000000 ,14,280;ba805621Ef,14,280;ba805621Ef,14,280"
2026-01-06T17:02:55.365,"Pda7FD8ED0u;ba7AA8D08a,14,280;ba8054C3Ef,14,280;ba805621Ef,14,280"
2026-01-06T17:02:55.365,"Pda7FD9688u;ba8000000 ,14,280;ba805621Ef,14,280;ba805621Ef,14,280"
2026-01-06T17:02:55.365,"Pda7FD9E3Fu;ba7AA8D08a,14,280;ba8054C3Ef,14,280;ba805621Ef,14,280"
2026-01-06T17:02:55.380,"Pda7FDA5F7u;ba8000000 ,14,280;ba805621Ef,14,280;ba805621Ef,14,280"
2026-01-06T17:02:55.380,"Pda7FDADAFu;ba85572F8a,14,280;ba805621Ef,14,280;ba8054C3Ef,14,280"
2026-01-06T17:02:55.401,"Pda7FDB567u;ba8AAE5D5a,14,280;ba80577FEf,14,280;ba8054C3Ef,14,280"
2026-01-06T17:02:55.407,"Pda7FDBD1Fu;ba8000000 ,14,280;ba805621Ef,14,280;ba805621Ef,14,280"
2026-01-06T17:02:55.474,"Pda7FDC4D7u;ba85572DDa,14,280;ba80577FEf,14,280;ba805621Ef,14,280"
2026-01-06T17:02:55.474,"Pda7FDCC8Fu;ba85572F8a,14,280;ba805621Ef,14,280;ba8054C3Ef,14,280"
2026-01-06T17:02:55.474,"Pda7FDD447u;ba85572F8a,14,280;ba805621Ef,14,280;ba8054C3Ef,14,280"
2026-01-06T17:02:55.490,"Pda7FDDBFFu;ba8AAE5D5a,14,280;ba80577FEf,14,280;ba8054C3Ef,14,280"
2026-01-06T17:02:55.490,"Pda7FDE3B7u;ba85572F8a,14,280;ba805621Ef,14,280;ba8054C3Ef,14,280"
2026-01-06T17:02:55.508,"Pda7FDEB6Fu;ba85572DDa,14,280;ba80577FEf,14,280;ba805621Ef,14,280"
2026-01-06T17:02:55.584,"Pda7FDF327u;ba8AAE5D5a,14,280;ba80577FEf,14,280;ba8054C3Ef,14,280"
2026-01-06T17:02:55.599,"Pda7FDFADEu;ba90058B2a,14,280;ba8058DDEf,14,280;ba8054C3Ef,14,280"
2026-01-06T17:02:55.599,"Pda7FE0296u;ba8AAE5D5a,14,280;ba80577FEf,14,280;ba8054C3Ef,14,280"
2026-01-06T17:02:55.618,"Pda7FE0A4Eu;ba90058B2a,14,280;ba8058DDEf,14,280;ba8054C3Ef,14,280"
2026-01-06T17:02:55.624,"Pda7FE1206u;ba8AAE5D5a,14,280;ba80577FEf,14,280;ba8054C3Ef,14,280"
2026-01-06T17:02:55.631,"Pda7FE19BEu;ba90058B2a,14,280;ba8058DDEf,14,280;ba8054C3Ef,14,280"
2026-01-06T17:02:55.631,"Pda7FE2176u;ba955CB90a,14,280;ba8058DDEf,14,280;ba805365Ef,14,280"
2026-01-06T17:02:55.693,"Pda7FE292Eu;ba90058B2a,14,280;ba80577FEf,14,280;ba805365Ef,14,280"
2026-01-06T17:02:55.709,"Pda7FE30E6u;ba90058B2a,14,280;ba8058DDEf,14,280;ba8054C3Ef,14,280"
2026-01-06T17:02:55.709,"Pda7FE389Eu;ba8AAE5D5a,14,280;ba805621Ef,14,280;ba805365Ef,14,280"
2026-01-06T17:02:55.728,"Pda7FE4056u;ba9AB3E88a,14,280;ba8058DDEf,14,280;ba805207Ef,14,280"
2026-01-06T17:02:55.735,"Pda7FE480Eu;ba955CBAAa,14,280;ba80577FEf,14,280;ba805207Ef,14,280"
2026-01-06T17:02:55.740,"Pda7FE4FC5u;ba955CB90a,14,280;ba8058DDEf,14,280;ba805365Ef,14,280"
2026-01-06T17:02:55.740,"Pda7FE577Du;ba90058B2a,14,280;ba80577FEf,14,280;ba805365Ef,14,280"
2026-01-06T17:02:55.819,"Pda7FE5F35u;ba9AB3E88a,14,280;ba805A3BEf,14,280;ba805365Ef,14,280"
2026-01-06T17:02:55.826,"Pda7FE66EDu;ba955CB90a,14,280;ba8058DDEf,14,280;ba805365Ef,14,280"
2026-01-06T17:02:55.833,"Pda7FE6EA5u;ba9AB3E88a,14,280;ba8058DDEf,14,280;ba805207Ef,14,280"
2026-01-06T17:02:55.840,"Pda7FE765Du;ba955CB90a,14,280;ba8058DDEf,14,280;ba805365Ef,14,280"
2026-01-06T17:02:55.846,"Pda21C7FD0n;ba955CB90a,14,280;ba8058DDEf,14,280;ba805365Ef,14,280"
2026-01-06T17:02:55.850,"Pda23AA630n;ba955CB90a,14,280;ba8058DDEf,14,280;ba805365Ef,14,280"
2026-01-06T17:02:55.928,"Pda258CCA0n;ba955CB90a,14,280;ba8058DDEf,14,280;ba805365Ef,14,280"
2026-01-06T17:02:55.928,"Pda276F300n;baA00B180a,14,280;ba805A3BEf,14,280;ba805207Ef,14,280"
2026-01-06T17:02:55.928,"Pda2951968n;ba9AB3E88a,14,280;ba8058DDEf,14,280;ba805207Ef,14,280"
2026-01-06T17:02:55.949,"Pda2B33FD8n;baA00B164a,14,280;ba805B99Ef,14,280;ba805365Ef,14,280"
2026-01-06T17:02:55.956,"Pda2D16638n;ba9AB3E88a,14,280;ba805A3BEf,14,280;ba805365Ef,14,280"
2026-01-06T17:02:55.974,"Pda2EF8CA0n;baA00B180a,14,280;ba805A3BEf,14,280;ba805207Ef,14,280"
2026-01-06T17:02:55.990,"Pda30DB308n;baA00B180a,14,280;ba805A3BEf,14,280;ba805207Ef,14,280"
2026-01-06T17:02:55.990,"Pda32BD970n;ba9AB3E88a,14,280;ba8058DDEf,14,280;ba805207Ef,14,280"
2026-01-06T17:02:56.006,"Pda349FFD8n;baA00B180a,14,280;ba805A3BEf,14,280;ba805207Ef,14,280"
2026-01-06T17:02:56.006,"Pda3682640n;baA56245Ca,14,280;ba805A3BEf,14,280;ba8050A9Ef,14,280"
2026-01-06T17:02:56.021,"Pda3864CA8n;baA56245Ca,14,280;ba805B99Ef,14,280;ba805207Ef,14,280"
2026-01-06T17:02:56.021,"Pda3A47308n;baA00B180a,14,280;ba805A3BEf,14,280;ba805207Ef,14,280"
2026-01-06T17:02:56.021,"Pda3C29978n;baA56245Ca,14,280;ba805B99Ef,14,280;ba805207Ef,14,280"
2026-01-06T17:02:56.100,"Pda3E0BFD8n;baA00B180a,14,280;ba805A3BEf,14,280;ba805207Ef,14,280"
2026-01-06T17:02:56.100,"Pda3FEE640n;baB010A34a,14,280;ba805CF7Ef,14,280;ba8050A9Ef,14,280"
2026-01-06T17:02:56.116,"Pda41D0CACn;baA00B180a,14,280;ba805A3BEf,14,280;ba805207Ef,14,280"
2026-01-06T17:02:56.116,"Pda43B3314n;baA00B180a,14,280;ba805A3BEf,14,280;ba805207Ef,14,280"
2026-01-06T17:02:56.116,"Pda459597Cn;baAAB973Ca,14,280;ba805B99Ef,14,280;ba8050A9Ef,14,280"
2026-01-06T17:02:56.131,"Pda4777FE0n;baA00B180a,14,280;ba805A3BEf,14,280;ba805207Ef,14,280"
2026-01-06T17:02:56.131,"Pda495A648n;baAAB973Ca,14,280;ba805B99Ef,14,280;ba8050A9Ef,14,280"
2026-01-06T17:02:56.209,"Pda4B3CCB0n;baA56245Ca,14,280;ba805A3BEf,14,280;ba8050A9Ef,14,280"
2026-01-06T17:02:56.209,"Pda4D1F314n;baA56245Ca,14,280;ba805B99Ef,14,280;ba805207Ef,14,280"
2026-01-06T17:02:56.224,"Pda4F01980n;baAAB973Ca,14,280;ba805B99Ef,14,280;ba8050A9Ef,14,280"
2026-01-06T17:02:56.224,"Pda50E3FE8n;baAAB973Ca,14,280;ba805B99Ef,14,280;ba8050A9Ef,14,280"
2026-01-06T17:02:56.240,"Pda52C6650n;baAAB973Ca,14,280;ba805B99Ef,14,280;ba8050A9Ef,14,280"
2026-01-06T17:02:56.240,"Pda54A8CB4n;baA56245Ca,14,280;ba805A3BEf,14,280;ba8050A9Ef,14,280"
2026-01-06T17:02:56.334,"Pda568B31Cn;baB010A18a,14,280;ba805B99Ef,14,280;ba804F4BEf,14,280"
2026-01-06T17:02:56.334,"Pda586D984n;baA56245Ca,14,280;ba805A3BEf,14,280;ba8050A9Ef,14,280"
2026-01-06T17:02:56.350,"Pda5A4FFECn;baB010A34a,14,280;ba805CF7Ef,14,280;ba8050A9Ef,14,280"
2026-01-06T17:02:56.350,"Pda5C32654n;baAAB973Ca,14,280;ba805B99Ef,14,280;ba8050A9Ef,14,280"
2026-01-06T17:02:56.350,"Pda5E14CBCn;baAAB973Ca,14,280;ba805B99Ef,14,280;ba8050A9Ef,14,280"
2026-01-06T17:02:56.372,"Pda5FF7320n;baB010A18a,14,280;ba805B99Ef,14,280;ba804F4BEf,14,280"
2026-01-06T17:02:56.378,"Pda61D998An;baB567D10a,14,280;ba805CF7Ef,14,280;ba804F4BEf,14,280"
2026-01-06T17:02:56.443,"Pda63BBFF0n;baB010A18a,14,280;ba805B99Ef,14,280;ba804F4BEf,14,280"
2026-01-06T17:02:56.443,"Pda659E658n;baAAB973Ca,14,280;ba805B99Ef,14,280;ba8050A9Ef,14,280"
2026-01-06T17:02:56.462,"Pda6780CC0n;baB010A18a,14,280;ba805B99Ef,14,280;ba804F4BEf,14,280"
2026-01-06T17:02:56.469,"Pda6963328n;baB010A18a,14,280;ba805B99Ef,14,280;ba804F4BEf,14,280"
2026-01-06T17:02:56.476,"Pda6B4598En;baB567D10a,14,280;ba805CF7Ef,14,280;ba804F4BEf,14,280"
2026-01-06T17:02:56.483,"Pda6D27FF6n;baB010A18a,14,280;ba805B99Ef,14,280;ba804F4BEf,14,280"
2026-01-06T17:02:56.490,"Pda6F0A65En;baB567D10a,14,280;ba805CF7Ef,14,280;ba804F4BEf,14,280"
2026-01-06T17:02:56.553,"Pda70ECCC5n;baB010A18a,14,280;ba805B99Ef,14,280;ba804F4BEf,14,280"
2026-01-06T17:02:56.553,"Pda72CF32Cn;baB567D10a,14,280;ba805CF7Ef,14,280;ba804F4BEf,14,280"
2026-01-06T17:02:56.569,"Pda74B1994n;baB567D10a,14,280;ba805CF7Ef,14,280;ba804F4BEf,14,280"
2026-01-06T17:02:56.569,"Pda7693FFBn;baBABEFECa,14,280;ba805E55Ef,14,280;ba804F4BEf,14,280"
2026-01-06T17:02:56.584,"Pda7876663n;baB567D10a,14,280;ba805CF7Ef,14,280;ba804F4BEf,14,280"
2026-01-06T17:02:56.584,"Pda7A58CCAn;baB010A18a,14,280;ba805B99Ef,14,280;ba804F4BEf,14,280"
2026-01-06T17:02:56.662,"Pda7C3B332n;baB010A18a,14,280;ba805B99Ef,14,280;ba804F4BEf,14,280"
2026-01-06T17:02:56.677,"Pda7E1D999n;baB010A34a,14,280;ba805A3BEf,14,280;ba804DEDEf,14,280"
2026-01-06T17:02:56.677,"Pda8000000 ;baB567D10a,14,280;ba805B99Ef,14,280;ba804DEDEf,14,280"
2026-01-06T17:02:56.693,*
