timestamp,x,y,channel,x_idx,y_idx,ch_idx,override_channel
2026-01-06T17:02:48.239,1.17599e-10,2.9679800000000003e-10,-0.999811,1,2,0,
2026-01-06T17:02:48.255,3.3599844e-11,3.30398e-10,-0.9978349999999999,1,2,0,
2026-01-06T17:02:48.255,3.3599872e-11,3.41598e-10,-0.9958589999999999,1,2,0,
2026-01-06T17:02:48.271,2.7999880000000002e-11,3.35998e-10,-0.993883,1,2,0,
2026-01-06T17:02:48.271,3.9199836e-11,3.4719800000000003e-10,-0.991907,1,2,0,
2026-01-06T17:02:48.387,3.3599872e-11,3.41598e-10,-0.989931,1,2,0,
2026-01-06T17:02:48.393,3.9199836e-11,3.4719800000000003e-10,-0.9879549999999999,1,2,0,
2026-01-06T17:02:48.401,3.3599872e-11,3.41598e-10,-0.9859789999999999,1,2,0,
2026-01-06T17:02:48.408,3.3599844e-11,3.35998e-10,-0.984003,1,2,0,
2026-01-06T17:02:48.415,3.3599872e-11,3.41598e-10,-0.982027,1,2,0,
2026-01-06T17:02:48.421,3.3599872e-11,3.41598e-10,-0.9800519999999999,1,2,0,
2026-01-06T17:02:48.428,3.3599872e-11,3.41598e-10,-0.978076,1,2,0,
2026-01-06T17:02:48.490,3.3599872e-11,3.41598e-10,-0.9761,1,2,0,
2026-01-06T17:02:48.490,3.9199836e-11,3.4719800000000003e-10,-0.974124,1,2,0,
2026-01-06T17:02:48.490,3.3599872e-11,3.41598e-10,-0.9721479999999999,1,2,0,
2026-01-06T17:02:48.506,5.0399796000000007e-11,3.5279800000000005e-10,-0.9701719999999999,1,2,0,
2026-01-06T17:02:48.506,4.4799804000000006e-11,3.4719800000000003e-10,-0.968196,1,2,0,
2026-01-06T17:02:48.526,3.9199836e-11,3.41598e-10,-0.96622,1,2,0,
2026-01-06T17:02:48.598,3.3599872e-11,3.41598e-10,-0.964244,1,2,0,
2026-01-06T17:02:48.614,4.4799804000000006e-11,3.4719800000000003e-10,-0.9622679999999999,1,2,0,
2026-01-06T17:02:48.614,4.4799804000000006e-11,3.4719800000000003e-10,-0.9602919999999999,1,2,0,
2026-01-06T17:02:48.629,3.9199836e-11,3.41598e-10,-0.958317,1,2,0,
2026-01-06T17:02:48.645,4.4799804000000006e-11,3.4719800000000003e-10,-0.956341,1,2,0,
2026-01-06T17:02:48.661,3.9199836e-11,3.41598e-10,-0.9543649999999999,1,2,0,
2026-01-06T17:02:48.661,5.0399796000000007e-11,3.5279800000000005e-10,-0.9523889999999999,1,2,0,
2026-01-06T17:02:48.738,4.4799804000000006e-11,3.4719800000000003e-10,-0.950413,1,2,0,
2026-01-06T17:02:48.745,3.9199836e-11,3.41598e-10,-0.948437,1,2,0,
2026-01-06T17:02:48.752,5.0399796000000007e-11,3.5279800000000005e-10,-0.946461,1,2,0,
2026-01-06T17:02:48.755,4.4799804000000006e-11,3.4719800000000003e-10,-0.9444849999999999,1,2,0,
2026-01-06T17:02:48.755,5.0399796000000007e-11,3.5279800000000005e-10,-0.9425089999999999,1,2,0,
2026-01-06T17:02:48.771,4.4799804000000006e-11,3.4719800000000003e-10,-0.940533,1,2,0,
2026-01-06T17:02:48.771,5.5999760000000004e-11,3.5279800000000005e-10,-0.938557,1,2,0,
2026-01-06T17:02:48.833,5.0399796000000007e-11,3.5279800000000005e-10,-0.9365819999999999,1,2,0,
2026-01-06T17:02:48.854,5.5999760000000004e-11,3.58398e-10,-0.9346059999999999,1,2,0,
2026-01-06T17:02:48.862,5.0399796000000007e-11,3.5279800000000005e-10,-0.93263,1,2,0,
2026-01-06T17:02:48.868,6.159972400000001e-11,3.63998e-10,-0.930654,1,2,0,
2026-01-06T17:02:48.875,5.0399796000000007e-11,3.5279800000000005e-10,-0.928678,1,2,0,
2026-01-06T17:02:48.881,5.0399796000000007e-11,3.5279800000000005e-10,-0.9267019999999999,1,2,0,
2026-01-06T17:02:48.962,6.159972400000001e-11,3.58398e-10,-0.9247259999999999,1,2,0,
2026-01-06T17:02:48.970,5.0399796000000007e-11,3.5279800000000005e-10,-0.92275,1,2,0,
2026-01-06T17:02:48.975,5.5999760000000004e-11,3.58398e-10,-0.920774,1,2,0,
2026-01-06T17:02:48.975,5.0399796000000007e-11,3.5279800000000005e-10,-0.918798,1,2,0,
2026-01-06T17:02:48.975,6.159972400000001e-11,3.63998e-10,-0.9168219999999999,1,2,0,
2026-01-06T17:02:48.991,6.159972400000001e-11,3.58398e-10,-0.9148459999999999,1,2,0,
2026-01-06T17:02:48.991,6.159972400000001e-11,3.58398e-10,-0.912871,1,2,0,
2026-01-06T17:02:49.060,5.5999760000000004e-11,3.5279800000000005e-10,-0.910895,1,2,0,
2026-01-06T17:02:49.076,5.5999760000000004e-11,3.5279800000000005e-10,-0.9089189999999999,1,2,0,
2026-01-06T17:02:49.076,6.7199688e-11,3.63998e-10,-0.9069429999999999,1,2,0,
2026-01-06T17:02:49.092,5.5999760000000004e-11,3.5279800000000005e-10,-0.904967,1,2,0,
2026-01-06T17:02:49.107,6.159972400000001e-11,3.58398e-10,-0.902991,1,2,0,
2026-01-06T17:02:49.107,5.5999760000000004e-11,3.5279800000000005e-10,-0.901015,1,2,0,
2026-01-06T17:02:49.123,6.7199688e-11,3.63998e-10,-0.8990389999999999,1,2,0,
2026-01-06T17:02:49.123,6.159972400000001e-11,3.58398e-10,-0.8970629999999999,1,2,0,
2026-01-06T17:02:49.123,7.279968e-11,3.63998e-10,-0.895087,1,2,0,
2026-01-06T17:02:49.139,6.159972400000001e-11,3.58398e-10,-0.893111,1,2,0,
2026-01-06T17:02:49.139,6.159972400000001e-11,3.58398e-10,-0.8911359999999999,1,2,0,
2026-01-06T17:02:49.154,6.7199688e-11,3.63998e-10,-0.88916,1,2,0,
2026-01-06T17:02:49.154,6.159972400000001e-11,3.58398e-10,-0.887184,1,2,0,
2026-01-06T17:02:49.224,6.7199688e-11,3.63998e-10,-0.885208,1,2,0,
2026-01-06T17:02:49.224,6.719972e-11,3.58398e-10,-0.8832319999999999,1,2,0,
2026-01-06T17:02:49.239,7.279968e-11,3.63998e-10,-0.8812559999999999,1,2,0,
2026-01-06T17:02:49.239,7.279968e-11,3.63998e-10,-0.87928,1,2,0,
2026-01-06T17:02:49.239,7.8399672e-11,3.6959800000000003e-10,-0.877304,1,2,0,
2026-01-06T17:02:49.255,6.7199688e-11,3.63998e-10,-0.875328,1,2,0,
2026-01-06T17:02:49.364,7.279968e-11,3.6959800000000003e-10,-0.8733519999999999,1,2,0,
2026-01-06T17:02:49.364,6.7199688e-11,3.63998e-10,-0.8713759999999999,1,2,0,
2026-01-06T17:02:49.380,6.719972e-11,3.58398e-10,-0.869401,1,2,0,
2026-01-06T17:02:49.380,7.8399672e-11,3.6959800000000003e-10,-0.867425,1,2,0,
2026-01-06T17:02:49.380,6.719972e-11,3.58398e-10,-0.8654489999999999,1,2,0,
2026-01-06T17:02:49.400,7.8399672e-11,3.6959800000000003e-10,-0.8634729999999999,1,2,0,
2026-01-06T17:02:49.489,7.279968e-11,3.63998e-10,-0.861497,1,2,0,
2026-01-06T17:02:49.506,7.8399672e-11,3.6959800000000003e-10,-0.859521,1,2,0,
2026-01-06T17:02:49.522,7.279968e-11,3.63998e-10,-0.857545,1,2,0,
2026-01-06T17:02:49.522,7.839964800000001e-11,3.7519800000000004e-10,-0.8555689999999999,1,2,0,
2026-01-06T17:02:49.522,7.279968e-11,3.63998e-10,-0.8535929999999999,1,2,0,
2026-01-06T17:02:49.537,7.279968e-11,3.63998e-10,-0.851617,1,2,0,
2026-01-06T17:02:49.537,7.8399672e-11,3.6959800000000003e-10,-0.849641,1,2,0,
2026-01-06T17:02:49.553,7.279968e-11,3.63998e-10,-0.8476659999999999,1,2,0,
2026-01-06T17:02:49.553,7.8399672e-11,3.6959800000000003e-10,-0.8456899999999999,1,2,0,
2026-01-06T17:02:49.568,6.7199688e-11,3.63998e-10,-0.843714,1,2,0,
2026-01-06T17:02:49.568,7.8399672e-11,3.6959800000000003e-10,-0.841738,1,2,0,
2026-01-06T17:02:49.584,7.279968e-11,3.63998e-10,-0.839762,1,2,0,
2026-01-06T17:02:49.584,7.8399672e-11,3.6959800000000003e-10,-0.8377859999999999,1,2,0,
2026-01-06T17:02:49.646,7.279968e-11,3.6959800000000003e-10,-0.8358099999999999,1,2,0,
2026-01-06T17:02:49.662,7.279968e-11,3.63998e-10,-0.833834,1,2,0,
2026-01-06T17:02:49.662,7.279968e-11,3.6959800000000003e-10,-0.831858,1,2,0,
2026-01-06T17:02:49.677,7.279968e-11,3.63998e-10,-0.829882,1,2,0,
2026-01-06T17:02:49.677,7.8399672e-11,3.6959800000000003e-10,-0.8279059999999999,1,2,0,
2026-01-06T17:02:49.677,7.8399672e-11,3.6959800000000003e-10,-0.8259299999999999,1,2,0,
2026-01-06T17:02:49.693,7.8399672e-11,3.6959800000000003e-10,-0.823955,1,2,0,
2026-01-06T17:02:49.772,7.8399672e-11,3.6959800000000003e-10,-0.821979,1,2,0,
2026-01-06T17:02:49.787,8.399964e-11,3.6959800000000003e-10,-0.8200029999999999,1,2,0,
2026-01-06T17:02:49.787,7.8399672e-11,3.6959800000000003e-10,-0.818027,1,2,0,
2026-01-06T17:02:49.803,8.399964e-11,3.7519800000000004e-10,-0.816051,1,2,0,
2026-01-06T17:02:49.803,7.8399672e-11,3.6959800000000003e-10,-0.814075,1,2,0,
2026-01-06T17:02:49.803,7.839964800000001e-11,3.63998e-10,-0.812099,1,2,0,
2026-01-06T17:02:49.914,7.8399672e-11,3.6959800000000003e-10,-0.8101229999999999,1,2,0,
2026-01-06T17:02:49.922,7.279968e-11,3.63998e-10,-0.808147,1,2,0,
2026-01-06T17:02:49.928,7.8399672e-11,3.6959800000000003e-10,-0.806171,1,2,0,
2026-01-06T17:02:49.935,7.8399672e-11,3.6959800000000003e-10,-0.804195,1,2,0,
2026-01-06T17:02:49.941,8.399964e-11,3.7519800000000004e-10,-0.8022199999999999,1,2,0,
2026-01-06T17:02:49.943,7.8399672e-11,3.6959800000000003e-10,-0.800244,1,2,0,
2026-01-06T17:02:49.943,8.399964e-11,3.7519800000000004e-10,-0.798268,1,2,0,
2026-01-06T17:02:50.026,7.8399672e-11,3.6959800000000003e-10,-0.796292,1,2,0,
2026-01-06T17:02:50.032,7.8399672e-11,3.6959800000000003e-10,-0.7943159999999999,1,2,0,
2026-01-06T17:02:50.039,7.8399672e-11,3.6959800000000003e-10,-0.7923399999999999,1,2,0,
2026-01-06T17:02:50.046,7.279968e-11,3.63998e-10,-0.790364,1,2,0,
2026-01-06T17:02:50.053,7.279968e-11,3.6959800000000003e-10,-0.788388,1,2,0,
2026-01-06T17:02:50.053,7.8399672e-11,3.6959800000000003e-10,-0.786412,1,2,0,
2026-01-06T17:02:50.053,8.399964e-11,3.7519800000000004e-10,-0.7844359999999999,1,2,0,
2026-01-06T17:02:50.131,7.8399672e-11,3.6959800000000003e-10,-0.7824599999999999,1,2,0,
2026-01-06T17:02:50.131,7.839964800000001e-11,3.7519800000000004e-10,-0.780485,1,2,0,
2026-01-06T17:02:50.153,7.8399672e-11,3.6959800000000003e-10,-0.778509,1,2,0,
2026-01-06T17:02:50.159,6.7199688e-11,3.63998e-10,-0.7765329999999999,1,2,0,
2026-01-06T17:02:50.161,6.7199688e-11,3.63998e-10,-0.7745569999999999,1,2,0,
2026-01-06T17:02:50.161,6.7199688e-11,3.63998e-10,-0.772581,1,2,0,
2026-01-06T17:02:50.263,7.279968e-11,3.6959800000000003e-10,-0.770605,1,2,0,
2026-01-06T17:02:50.269,6.7199688e-11,3.63998e-10,-0.768629,1,2,0,
2026-01-06T17:02:50.271,7.279968e-11,3.6959800000000003e-10,-0.7666529999999999,1,2,0,
2026-01-06T17:02:50.271,7.279968e-11,3.63998e-10,-0.7646769999999999,1,2,0,
2026-01-06T17:02:50.303,8.399964e-11,3.7519800000000004e-10,-0.762701,1,2,0,
2026-01-06T17:02:50.318,6.7199688e-11,3.63998e-10,-0.760725,1,2,0,
2026-01-06T17:02:50.318,7.839964800000001e-11,3.7519800000000004e-10,-0.758749,1,2,0,
2026-01-06T17:02:50.318,7.8399672e-11,3.6959800000000003e-10,-0.756774,1,2,0,
2026-01-06T17:02:50.334,6.719972e-11,3.58398e-10,-0.754798,1,2,0,
2026-01-06T17:02:50.334,7.279968e-11,3.6959800000000003e-10,-0.752822,1,2,0,
2026-01-06T17:02:50.349,6.7199688e-11,3.63998e-10,-0.750846,1,2,0,
2026-01-06T17:02:50.349,6.7199688e-11,3.63998e-10,-0.7488699999999999,1,2,0,
2026-01-06T17:02:50.367,6.7199688e-11,3.63998e-10,-0.746894,1,2,0,
2026-01-06T17:02:50.427,7.279968e-11,3.6959800000000003e-10,-0.744918,1,2,0,
2026-01-06T17:02:50.443,7.279968e-11,3.6959800000000003e-10,-0.742942,1,2,0,
2026-01-06T17:02:50.443,7.8399672e-11,3.6959800000000003e-10,-0.740966,1,2,0,
2026-01-06T17:02:50.443,7.279968e-11,3.63998e-10,-0.7389899999999999,1,2,0,
2026-01-06T17:02:50.459,6.159972400000001e-11,3.58398e-10,-0.737014,1,2,0,
2026-01-06T17:02:50.459,6.7199688e-11,3.63998e-10,-0.735039,1,2,0,
2026-01-06T17:02:50.474,7.279968e-11,3.63998e-10,-0.733063,1,2,0,
2026-01-06T17:02:50.552,7.279968e-11,3.6959800000000003e-10,-0.7310869999999999,1,2,0,
2026-01-06T17:02:50.568,6.7199688e-11,3.63998e-10,-0.729111,1,2,0,
2026-01-06T17:02:50.568,7.279968e-11,3.6959800000000003e-10,-0.727135,1,2,0,
2026-01-06T17:02:50.568,6.7199688e-11,3.63998e-10,-0.725159,1,2,0,
2026-01-06T17:02:50.587,7.279968e-11,3.6959800000000003e-10,-0.723183,1,2,0,
2026-01-06T17:02:50.595,6.7199688e-11,3.63998e-10,-0.7212069999999999,1,2,0,
2026-01-06T17:02:50.677,7.279968e-11,3.6959800000000003e-10,-0.719231,1,2,0,
2026-01-06T17:02:50.677,6.7199688e-11,3.63998e-10,-0.717255,1,2,0,
2026-01-06T17:02:50.696,5.5999760000000004e-11,3.58398e-10,-0.715279,1,2,0,
2026-01-06T17:02:50.702,6.7199688e-11,3.63998e-10,-0.7133039999999999,1,2,0,
2026-01-06T17:02:50.709,6.159972400000001e-11,3.58398e-10,-0.711328,1,2,0,
2026-01-06T17:02:50.709,6.7199688e-11,3.63998e-10,-0.709352,1,2,0,
2026-01-06T17:02:50.709,6.159972400000001e-11,3.58398e-10,-0.707376,1,2,0,
2026-01-06T17:02:50.819,6.7199688e-11,3.63998e-10,-0.7053999999999999,1,2,0,
2026-01-06T17:02:50.819,6.159972400000001e-11,3.58398e-10,-0.7034239999999999,1,2,0,
2026-01-06T17:02:50.819,7.279968e-11,3.6959800000000003e-10,-0.701448,1,2,0,
2026-01-06T17:02:50.834,6.159972400000001e-11,3.58398e-10,-0.699472,1,2,0,
2026-01-06T17:02:50.834,5.5999760000000004e-11,3.58398e-10,-0.697496,1,2,0,
2026-01-06T17:02:50.850,6.159972400000001e-11,3.63998e-10,-0.6955199999999999,1,2,0,
2026-01-06T17:02:50.850,5.5999760000000004e-11,3.58398e-10,-0.6935439999999999,1,2,0,
2026-01-06T17:02:50.928,6.159972400000001e-11,3.63998e-10,-0.691569,1,2,0,
2026-01-06T17:02:50.928,5.5999760000000004e-11,3.58398e-10,-0.689593,1,2,0,
2026-01-06T17:02:50.928,6.159972400000001e-11,3.63998e-10,-0.6876169999999999,1,2,0,
2026-01-06T17:02:50.944,5.5999760000000004e-11,3.58398e-10,-0.685641,1,2,0,
2026-01-06T17:02:50.944,6.719972e-11,3.6959800000000003e-10,-0.683665,1,2,0,
2026-01-06T17:02:50.959,5.5999760000000004e-11,3.58398e-10,-0.681689,1,2,0,
2026-01-06T17:02:50.959,5.5999760000000004e-11,3.58398e-10,-0.679713,1,2,0,
2026-01-06T17:02:50.975,6.159972400000001e-11,3.63998e-10,-0.6777369999999999,1,2,0,
2026-01-06T17:02:50.975,5.0399796000000007e-11,3.58398e-10,-0.675761,1,2,0,
2026-01-06T17:02:50.975,5.5999760000000004e-11,3.63998e-10,-0.673785,1,2,0,
2026-01-06T17:02:50.991,5.5999760000000004e-11,3.58398e-10,-0.671809,1,2,0,
2026-01-06T17:02:50.991,6.159972400000001e-11,3.63998e-10,-0.669833,1,2,0,
2026-01-06T17:02:51.006,5.5999760000000004e-11,3.58398e-10,-0.667858,1,2,0,
2026-01-06T17:02:51.094,6.1599752e-11,3.6959800000000003e-10,-0.665882,1,2,0,
2026-01-06T17:02:51.094,-8.959960800000001e-11,2.18399e-10,-0.663906,1,2,0,
2026-01-06T17:02:51.109,1.5119900000000002e-10,4.4239800000000003e-10,-0.66193,1,2,0,
2026-01-06T17:02:51.109,1.67999e-10,4.3119800000000006e-10,-0.6599539999999999,1,2,0,
2026-01-06T17:02:51.125,1.6239900000000002e-10,4.2559800000000004e-10,-0.657978,1,2,0,
2026-01-06T17:02:51.125,1.67999e-10,4.2559800000000004e-10,-0.656002,1,2,0,
2026-01-06T17:02:51.187,1.6239900000000002e-10,4.1999800000000003e-10,-0.654026,1,2,0,
2026-01-06T17:02:51.203,1.67999e-10,4.2559800000000004e-10,-0.65205,1,2,0,
2026-01-06T17:02:51.203,1.6239900000000002e-10,4.1999800000000003e-10,-0.6500739999999999,1,2,0,
2026-01-06T17:02:51.219,1.67999e-10,4.2559800000000004e-10,-0.648098,1,2,0,
2026-01-06T17:02:51.219,1.6239900000000002e-10,4.1999800000000003e-10,-0.646123,1,2,0,
2026-01-06T17:02:51.234,1.6239900000000002e-10,4.2559800000000004e-10,-0.644147,1,2,0,
2026-01-06T17:02:51.241,1.56799e-10,4.1999800000000003e-10,-0.6421709999999999,1,2,0,
2026-01-06T17:02:51.302,1.56799e-10,4.1999800000000003e-10,-0.640195,1,2,0,
2026-01-06T17:02:51.302,1.6239900000000002e-10,4.2559800000000004e-10,-0.638219,1,2,0,
2026-01-06T17:02:51.318,1.5119900000000002e-10,4.14398e-10,-0.636243,1,2,0,
2026-01-06T17:02:51.318,1.56799e-10,4.1999800000000003e-10,-0.634267,1,2,0,
2026-01-06T17:02:51.340,1.45599e-10,4.14398e-10,-0.6322909999999999,1,2,0,
2026-01-06T17:02:51.346,1.6239900000000002e-10,4.2559800000000004e-10,-0.630315,1,2,0,
2026-01-06T17:02:51.353,1.5119900000000002e-10,4.14398e-10,-0.628339,1,2,0,
2026-01-06T17:02:51.412,1.56799e-10,4.1999800000000003e-10,-0.626363,1,2,0,
2026-01-06T17:02:51.428,1.56799e-10,4.1999800000000003e-10,-0.6243879999999999,1,2,0,
2026-01-06T17:02:51.434,1.5119900000000002e-10,4.14398e-10,-0.622412,1,2,0,
2026-01-06T17:02:51.441,1.56799e-10,4.1999800000000003e-10,-0.620436,1,2,0,
2026-01-06T17:02:51.447,1.45599e-10,4.14398e-10,-0.61846,1,2,0,
2026-01-06T17:02:51.454,1.5119900000000002e-10,4.14398e-10,-0.6164839999999999,1,2,0,
2026-01-06T17:02:51.552,1.45599e-10,4.14398e-10,-0.6145079999999999,1,2,0,
2026-01-06T17:02:51.552,1.5119900000000002e-10,4.1999800000000003e-10,-0.612532,1,2,0,
2026-01-06T17:02:51.552,1.45599e-10,4.14398e-10,-0.610556,1,2,0,
2026-01-06T17:02:51.572,1.56799e-10,4.1999800000000003e-10,-0.60858,1,2,0,
2026-01-06T17:02:51.580,1.5119900000000002e-10,4.14398e-10,-0.6066039999999999,1,2,0,
2026-01-06T17:02:51.584,1.5119900000000002e-10,4.1999800000000003e-10,-0.6046279999999999,1,2,0,
2026-01-06T17:02:51.584,1.45599e-10,4.14398e-10,-0.602652,1,2,0,
2026-01-06T17:02:51.662,1.39999e-10,4.08798e-10,-0.600677,1,2,0,
2026-01-06T17:02:51.662,1.45599e-10,4.14398e-10,-0.5987009999999999,1,2,0,
2026-01-06T17:02:51.683,1.39999e-10,4.08798e-10,-0.596725,1,2,0,
2026-01-06T17:02:51.689,1.39999e-10,4.08798e-10,-0.594749,1,2,0,
2026-01-06T17:02:51.694,8.9599632e-11,3.9759800000000004e-10,-0.592773,1,2,0,
2026-01-06T17:02:51.694,6.719972e-11,3.8079800000000005e-10,-0.590797,1,2,0,
2026-01-06T17:02:51.801,2.2399888e-11,3.63998e-10,-0.5888209999999999,1,2,0,
2026-01-06T17:02:51.817,2.7999880000000002e-11,3.6959800000000003e-10,-0.586845,1,2,0,
2026-01-06T17:02:51.817,1.6799922e-11,3.58398e-10,-0.584869,1,2,0,
2026-01-06T17:02:51.833,1.6799922e-11,3.58398e-10,-0.582893,1,2,0,
2026-01-06T17:02:51.833,1.6799922e-11,3.63998e-10,-0.580917,1,2,0,
2026-01-06T17:02:51.848,1.1199957e-11,3.5279800000000005e-10,-0.578942,1,2,0,
2026-01-06T17:02:51.848,1.6799922e-11,3.58398e-10,-0.576966,1,2,0,
2026-01-06T17:02:51.848,1.1199957e-11,3.58398e-10,-0.57499,1,2,0,
2026-01-06T17:02:51.864,2.2399888e-11,3.63998e-10,-0.573014,1,2,0,
2026-01-06T17:02:51.864,1.6799922e-11,3.58398e-10,-0.5710379999999999,1,2,0,
2026-01-06T17:02:51.903,2.2399888e-11,3.63998e-10,-0.569062,1,2,0,
2026-01-06T17:02:51.910,1.1199957e-11,3.58398e-10,-0.567086,1,2,0,
2026-01-06T17:02:51.916,5.599992000000001e-12,3.5279800000000005e-10,-0.56511,1,2,0,
2026-01-06T17:02:51.975,5.599992000000001e-12,3.5279800000000005e-10,-0.563134,1,2,0,
2026-01-06T17:02:51.975,5.599992000000001e-12,3.5279800000000005e-10,-0.5611579999999999,1,2,0,
2026-01-06T17:02:51.990,5.599992000000001e-12,3.5279800000000005e-10,-0.559182,1,2,0,
2026-01-06T17:02:51.990,5.599992000000001e-12,3.5279800000000005e-10,-0.557207,1,2,0,
2026-01-06T17:02:52.007,1.1199957e-11,3.58398e-10,-0.555231,1,2,0,
2026-01-06T17:02:52.014,5.599992000000001e-12,3.5279800000000005e-10,-0.5532549999999999,1,2,0,
2026-01-06T17:02:52.021,1.1199957e-11,3.58398e-10,-0.551279,1,2,0,
2026-01-06T17:02:52.099,5.599992000000001e-12,3.5279800000000005e-10,-0.549303,1,2,0,
2026-01-06T17:02:52.099,5.599965e-12,3.58398e-10,-0.547327,1,2,0,
2026-01-06T17:02:52.116,5.599992000000001e-12,3.5279800000000005e-10,-0.545351,1,2,0,
2026-01-06T17:02:52.123,-125829120.0,3.4719800000000003e-10,-0.5433749999999999,1,2,0,
2026-01-06T17:02:52.130,5.599992000000001e-12,3.5279800000000005e-10,-0.541399,1,2,0,
2026-01-06T17:02:52.131,-5.599992000000001e-12,3.4719800000000003e-10,-0.539423,1,2,0,
2026-01-06T17:02:52.209,1.1199957e-11,3.58398e-10,-0.537447,1,2,0,
2026-01-06T17:02:52.209,-125829120.0,3.4719800000000003e-10,-0.535471,1,2,0,
2026-01-06T17:02:52.227,-125829120.0,3.5279800000000005e-10,-0.533496,1,2,0,
2026-01-06T17:02:52.233,-5.599992000000001e-12,3.4719800000000003e-10,-0.53152,1,2,0,
2026-01-06T17:02:52.239,-125829120.0,3.5279800000000005e-10,-0.529544,1,2,0,
2026-01-06T17:02:52.240,-125829120.0,3.5279800000000005e-10,-0.5275679999999999,1,2,0,
2026-01-06T17:02:52.240,-5.599992000000001e-12,3.4719800000000003e-10,-0.525592,1,2,0,
2026-01-06T17:02:52.337,-5.599992000000001e-12,3.4719800000000003e-10,-0.523616,1,2,0,
2026-01-06T17:02:52.343,-5.599992000000001e-12,3.4719800000000003e-10,-0.52164,1,2,0,
2026-01-06T17:02:52.350,-125829120.0,3.5279800000000005e-10,-0.519664,1,2,0,
2026-01-06T17:02:52.350,-1.6799922e-11,3.41598e-10,-0.5176879999999999,1,2,0,
2026-01-06T17:02:52.350,-1.1199957e-11,3.4719800000000003e-10,-0.515712,1,2,0,
2026-01-06T17:02:52.365,-1.1199957e-11,3.41598e-10,-0.513736,1,2,0,
2026-01-06T17:02:52.365,-5.599965e-12,3.5279800000000005e-10,-0.511761,1,2,0,
2026-01-06T17:02:52.448,-1.6799922e-11,3.41598e-10,-0.5097849999999999,1,2,0,
2026-01-06T17:02:52.455,-1.6799922e-11,3.41598e-10,-0.507809,1,2,0,
2026-01-06T17:02:52.459,-1.6799922e-11,3.41598e-10,-0.505833,1,2,0,
2026-01-06T17:02:52.459,-1.1199957e-11,3.41598e-10,-0.503857,1,2,0,
2026-01-06T17:02:52.459,-1.1199957e-11,3.4719800000000003e-10,-0.501881,1,2,0,
2026-01-06T17:02:52.475,-1.6799922e-11,3.41598e-10,-0.499905,1,2,0,
2026-01-06T17:02:52.566,-1.1199957e-11,3.4719800000000003e-10,-0.49792899999999995,1,2,0,
2026-01-06T17:02:52.568,-1.6799922e-11,3.41598e-10,-0.495953,1,2,0,
2026-01-06T17:02:52.568,-1.6799922e-11,3.4719800000000003e-10,-0.493977,1,2,0,
2026-01-06T17:02:52.584,-2.2399888e-11,3.41598e-10,-0.49200099999999997,1,2,0,
2026-01-06T17:02:52.584,-1.1199957e-11,3.4719800000000003e-10,-0.49002599999999996,1,2,0,
2026-01-06T17:02:52.599,-2.2399888e-11,3.41598e-10,-0.48805,1,2,0,
2026-01-06T17:02:52.599,-1.6799922e-11,3.41598e-10,-0.48607399999999995,1,2,0,
2026-01-06T17:02:52.615,-2.2399888e-11,3.41598e-10,-0.484098,1,2,0,
2026-01-06T17:02:52.615,-2.7999880000000002e-11,3.35998e-10,-0.482122,1,2,0,
2026-01-06T17:02:52.615,-2.2399888e-11,3.41598e-10,-0.48014599999999996,1,2,0,
2026-01-06T17:02:52.630,-2.2399888e-11,3.41598e-10,-0.47817,1,2,0,
2026-01-06T17:02:52.630,-2.2399888e-11,3.41598e-10,-0.476194,1,2,0,
2026-01-06T17:02:52.646,-2.2399888e-11,3.41598e-10,-0.474218,1,2,0,
2026-01-06T17:02:52.782,-2.2399888e-11,3.41598e-10,-0.472242,1,2,0,
2026-01-06T17:02:52.787,-2.2399914e-11,3.35998e-10,-0.47026599999999996,1,2,0,
2026-01-06T17:02:52.787,-2.2399914e-11,3.35998e-10,-0.46829099999999996,1,2,0,
2026-01-06T17:02:52.802,-2.2399888e-11,3.41598e-10,-0.466315,1,2,0,
2026-01-06T17:02:52.802,-3.3599872e-11,3.35998e-10,-0.464339,1,2,0,
2026-01-06T17:02:52.802,-2.7999880000000002e-11,3.35998e-10,-0.46236299999999997,1,2,0,
2026-01-06T17:02:52.818,-2.7999880000000002e-11,3.35998e-10,-0.460387,1,2,0,
2026-01-06T17:02:52.818,-2.2399888e-11,3.41598e-10,-0.45841099999999996,1,2,0,
2026-01-06T17:02:52.834,-2.7999880000000002e-11,3.35998e-10,-0.456435,1,2,0,
2026-01-06T17:02:52.834,-2.2399888e-11,3.41598e-10,-0.454459,1,2,0,
2026-01-06T17:02:52.834,-3.3599844e-11,3.30398e-10,-0.45248299999999997,1,2,0,
2026-01-06T17:02:52.849,-2.2399888e-11,3.41598e-10,-0.450507,1,2,0,
2026-01-06T17:02:52.849,-2.7999880000000002e-11,3.35998e-10,-0.44853099999999996,1,2,0,
2026-01-06T17:02:52.865,-3.9199836e-11,3.30398e-10,-0.446555,1,2,0,
2026-01-06T17:02:52.928,-3.3599872e-11,3.35998e-10,-0.44458,1,2,0,
2026-01-06T17:02:52.928,-3.9199836e-11,3.30398e-10,-0.442604,1,2,0,
2026-01-06T17:02:52.943,-2.7999880000000002e-11,3.35998e-10,-0.44062799999999996,1,2,0,
2026-01-06T17:02:52.943,-3.9199836e-11,3.30398e-10,-0.438652,1,2,0,
2026-01-06T17:02:52.959,-2.7999880000000002e-11,3.41598e-10,-0.43667599999999995,1,2,0,
2026-01-06T17:02:52.959,-3.3599872e-11,3.35998e-10,-0.4347,1,2,0,
2026-01-06T17:02:53.061,-2.7999880000000002e-11,3.41598e-10,-0.432724,1,2,0,
2026-01-06T17:02:53.064,-3.9199836e-11,3.30398e-10,-0.43074799999999996,1,2,0,
2026-01-06T17:02:53.064,-5.0399768000000004e-11,3.2479800000000004e-10,-0.428772,1,2,0,
2026-01-06T17:02:53.080,-3.9199836e-11,3.30398e-10,-0.42679599999999995,1,2,0,
2026-01-06T17:02:53.080,-3.9199836e-11,3.30398e-10,-0.42482,1,2,0,
2026-01-06T17:02:53.080,-3.9199836e-11,3.35998e-10,-0.42284499999999997,1,2,0,
2026-01-06T17:02:53.096,-3.9199836e-11,3.30398e-10,-0.420869,1,2,0,
2026-01-06T17:02:53.174,-3.9199836e-11,3.35998e-10,-0.41889299999999996,1,2,0,
2026-01-06T17:02:53.174,-4.4799804000000006e-11,3.30398e-10,-0.416917,1,2,0,
2026-01-06T17:02:53.189,-3.3599872e-11,3.35998e-10,-0.414941,1,2,0,
2026-01-06T17:02:53.189,-3.9199836e-11,3.30398e-10,-0.41296499999999997,1,2,0,
2026-01-06T17:02:53.189,-5.0399768000000004e-11,3.2479800000000004e-10,-0.410989,1,2,0,
2026-01-06T17:02:53.205,-4.4799804000000006e-11,3.30398e-10,-0.40901299999999996,1,2,0,
2026-01-06T17:02:53.283,-3.9199836e-11,3.30398e-10,-0.407037,1,2,0,
2026-01-06T17:02:53.283,-3.9199836e-11,3.35998e-10,-0.405061,1,2,0,
2026-01-06T17:02:53.299,-4.4799804000000006e-11,3.2479800000000004e-10,-0.40308499999999997,1,2,0,
2026-01-06T17:02:53.299,-3.9199836e-11,3.30398e-10,-0.40110999999999997,1,2,0,
2026-01-06T17:02:53.316,-4.4799804000000006e-11,3.30398e-10,-0.399134,1,2,0,
2026-01-06T17:02:53.322,-3.9199836e-11,3.35998e-10,-0.39715799999999996,1,2,0,
2026-01-06T17:02:53.330,-4.4799804000000006e-11,3.30398e-10,-0.395182,1,2,0,
2026-01-06T17:02:53.439,-3.9199836e-11,3.35998e-10,-0.393206,1,2,0,
2026-01-06T17:02:53.443,-4.4799804000000006e-11,3.30398e-10,-0.39122999999999997,1,2,0,
2026-01-06T17:02:53.443,-4.4799804000000006e-11,3.30398e-10,-0.389254,1,2,0,
2026-01-06T17:02:53.443,-4.4799804000000006e-11,3.30398e-10,-0.38727799999999996,1,2,0,
2026-01-06T17:02:53.459,-4.4799804000000006e-11,3.2479800000000004e-10,-0.385302,1,2,0,
2026-01-06T17:02:53.459,-4.4799804000000006e-11,3.30398e-10,-0.383326,1,2,0,
2026-01-06T17:02:53.568,-4.4799804000000006e-11,3.30398e-10,-0.38134999999999997,1,2,0,
2026-01-06T17:02:53.568,-4.4799804000000006e-11,3.30398e-10,-0.379374,1,2,0,
2026-01-06T17:02:53.584,-5.0399768000000004e-11,3.2479800000000004e-10,-0.377399,1,2,0,
2026-01-06T17:02:53.599,-4.4799804000000006e-11,3.30398e-10,-0.375423,1,2,0,
2026-01-06T17:02:53.615,-5.0399768000000004e-11,3.2479800000000004e-10,-0.373447,1,2,0,
2026-01-06T17:02:53.615,-5.0399768000000004e-11,3.2479800000000004e-10,-0.371471,1,2,0,
2026-01-06T17:02:53.631,-4.4799804000000006e-11,3.30398e-10,-0.36949499999999996,1,2,0,
2026-01-06T17:02:53.631,-5.0399768000000004e-11,3.2479800000000004e-10,-0.367519,1,2,0,
2026-01-06T17:02:53.631,-4.4799804000000006e-11,3.30398e-10,-0.365543,1,2,0,
2026-01-06T17:02:53.651,-5.0399768000000004e-11,3.2479800000000004e-10,-0.363567,1,2,0,
2026-01-06T17:02:53.657,-3.9199836e-11,3.35998e-10,-0.361591,1,2,0,
2026-01-06T17:02:53.662,-5.0399768000000004e-11,3.2479800000000004e-10,-0.35961499999999996,1,2,0,
2026-01-06T17:02:53.662,-3.9199836e-11,3.35998e-10,-0.357639,1,2,0,
2026-01-06T17:02:53.662,-5.0399768000000004e-11,3.2479800000000004e-10,-0.355664,1,2,0,
2026-01-06T17:02:53.741,-5.0399768000000004e-11,3.2479800000000004e-10,-0.353688,1,2,0,
2026-01-06T17:02:53.741,-5.0399768000000004e-11,3.2479800000000004e-10,-0.35171199999999997,1,2,0,
2026-01-06T17:02:53.756,-4.4799804000000006e-11,3.2479800000000004e-10,-0.349736,1,2,0,
2026-01-06T17:02:53.763,-4.4799804000000006e-11,3.30398e-10,-0.34775999999999996,1,2,0,
2026-01-06T17:02:53.769,-5.0399796000000007e-11,3.30398e-10,-0.345784,1,2,0,
2026-01-06T17:02:53.771,-3.9199836e-11,3.35998e-10,-0.343808,1,2,0,
2026-01-06T17:02:53.867,-5.0399796000000007e-11,3.30398e-10,-0.34183199999999997,1,2,0,
2026-01-06T17:02:53.874,-3.9199836e-11,3.35998e-10,-0.339856,1,2,0,
2026-01-06T17:02:53.880,-4.4799804000000006e-11,3.30398e-10,-0.33787999999999996,1,2,0,
2026-01-06T17:02:53.881,-3.3599872e-11,3.35998e-10,-0.335904,1,2,0,
2026-01-06T17:02:53.881,-4.4799804000000006e-11,3.30398e-10,-0.333929,1,2,0,
2026-01-06T17:02:53.900,-5.0399768000000004e-11,3.2479800000000004e-10,-0.331953,1,2,0,
2026-01-06T17:02:53.906,-4.4799804000000006e-11,3.30398e-10,-0.32997699999999996,1,2,0,
2026-01-06T17:02:53.984,-4.4799804000000006e-11,3.30398e-10,-0.328001,1,2,0,
2026-01-06T17:02:53.990,-4.4799804000000006e-11,3.30398e-10,-0.326025,1,2,0,
2026-01-06T17:02:53.990,-5.0399768000000004e-11,3.2479800000000004e-10,-0.324049,1,2,0,
2026-01-06T17:02:53.990,-3.3599872e-11,3.35998e-10,-0.322073,1,2,0,
2026-01-06T17:02:54.006,-4.4799804000000006e-11,3.30398e-10,-0.32009699999999996,1,2,0,
2026-01-06T17:02:54.006,-3.3599872e-11,3.35998e-10,-0.318121,1,2,0,
2026-01-06T17:02:54.099,-4.4799804000000006e-11,3.30398e-10,-0.316145,1,2,0,
2026-01-06T17:02:54.115,-4.4799804000000006e-11,3.30398e-10,-0.314169,1,2,0,
2026-01-06T17:02:54.115,-3.9199836e-11,3.30398e-10,-0.31219399999999997,1,2,0,
2026-01-06T17:02:54.130,-4.4799804000000006e-11,3.2479800000000004e-10,-0.310218,1,2,0,
2026-01-06T17:02:54.130,-4.4799804000000006e-11,3.30398e-10,-0.30824199999999996,1,2,0,
2026-01-06T17:02:54.146,-3.9199836e-11,3.30398e-10,-0.306266,1,2,0,
2026-01-06T17:02:54.146,-4.4799804000000006e-11,3.30398e-10,-0.30429,1,2,0,
2026-01-06T17:02:54.146,-3.9199836e-11,3.30398e-10,-0.30231399999999997,1,2,0,
2026-01-06T17:02:54.162,-3.9199836e-11,3.35998e-10,-0.300338,1,2,0,
2026-01-06T17:02:54.162,-4.4799804000000006e-11,3.30398e-10,-0.29836199999999996,1,2,0,
2026-01-06T17:02:54.180,-4.4799804000000006e-11,3.2479800000000004e-10,-0.296386,1,2,0,
2026-01-06T17:02:54.186,-3.9199836e-11,3.30398e-10,-0.29441,1,2,0,
2026-01-06T17:02:54.193,-3.9199836e-11,3.30398e-10,-0.29243399999999997,1,2,0,
2026-01-06T17:02:54.255,-3.9199836e-11,3.35998e-10,-0.290458,1,2,0,
2026-01-06T17:02:54.255,-3.9199836e-11,3.30398e-10,-0.288483,1,2,0,
2026-01-06T17:02:54.271,-3.3599872e-11,3.35998e-10,-0.286507,1,2,0,
2026-01-06T17:02:54.271,-3.9199836e-11,3.30398e-10,-0.284531,1,2,0,
2026-01-06T17:02:54.271,-3.3599872e-11,3.35998e-10,-0.282555,1,2,0,
2026-01-06T17:02:54.287,-3.3599872e-11,3.35998e-10,-0.28057899999999997,1,2,0,
2026-01-06T17:02:54.318,-2.7999880000000002e-11,3.41598e-10,-0.278603,1,2,0,
2026-01-06T17:02:54.381,-3.3599872e-11,3.35998e-10,-0.276627,1,2,0,
2026-01-06T17:02:54.381,-3.9199836e-11,3.30398e-10,-0.274651,1,2,0,
2026-01-06T17:02:54.397,-3.3599872e-11,3.35998e-10,-0.272675,1,2,0,
2026-01-06T17:02:54.397,-3.9199836e-11,3.30398e-10,-0.27069899999999997,1,2,0,
2026-01-06T17:02:54.414,-3.3599872e-11,3.35998e-10,-0.268723,1,2,0,
2026-01-06T17:02:54.421,-3.3599872e-11,3.35998e-10,-0.266748,1,2,0,
2026-01-06T17:02:54.427,-2.7999880000000002e-11,3.41598e-10,-0.264772,1,2,0,
2026-01-06T17:02:54.490,-3.3599872e-11,3.35998e-10,-0.262796,1,2,0,
2026-01-06T17:02:54.490,-2.7999880000000002e-11,3.41598e-10,-0.26082,1,2,0,
2026-01-06T17:02:54.506,-3.3599872e-11,3.35998e-10,-0.25884399999999996,1,2,0,
2026-01-06T17:02:54.506,-3.3599872e-11,3.35998e-10,-0.256868,1,2,0,
2026-01-06T17:02:54.523,-3.3599872e-11,3.35998e-10,-0.254892,1,2,0,
2026-01-06T17:02:54.529,-3.3599872e-11,3.35998e-10,-0.252916,1,2,0,
2026-01-06T17:02:54.614,-2.2399888e-11,3.41598e-10,-0.25094,1,2,0,
2026-01-06T17:02:54.614,-2.7999880000000002e-11,3.35998e-10,-0.248964,1,2,0,
2026-01-06T17:02:54.630,-2.2399914e-11,3.4719800000000003e-10,-0.24698799999999999,1,2,0,
2026-01-06T17:02:54.630,-3.3599872e-11,3.35998e-10,-0.24501299999999998,1,2,0,
2026-01-06T17:02:54.645,-1.6799922e-11,3.4719800000000003e-10,-0.24303699999999998,1,2,0,
2026-01-06T17:02:54.645,-2.7999880000000002e-11,3.41598e-10,-0.241061,1,2,0,
2026-01-06T17:02:54.661,-2.2399914e-11,3.4719800000000003e-10,-0.239085,1,2,0,
2026-01-06T17:02:54.732,-3.3599872e-11,3.35998e-10,-0.237109,1,2,0,
2026-01-06T17:02:54.739,-2.7999880000000002e-11,3.35998e-10,-0.23513299999999998,1,2,0,
2026-01-06T17:02:54.745,-2.2399888e-11,3.41598e-10,-0.233157,1,2,0,
2026-01-06T17:02:54.752,-2.7999880000000002e-11,3.35998e-10,-0.231181,1,2,0,
2026-01-06T17:02:54.755,-2.2399914e-11,3.4719800000000003e-10,-0.229205,1,2,0,
2026-01-06T17:02:54.755,-2.7999880000000002e-11,3.41598e-10,-0.227229,1,2,0,
2026-01-06T17:02:54.857,-2.2399914e-11,3.4719800000000003e-10,-0.22525299999999998,1,2,0,
2026-01-06T17:02:54.864,-2.2399888e-11,3.41598e-10,-0.223277,1,2,0,
2026-01-06T17:02:54.865,-1.6799922e-11,3.4719800000000003e-10,-0.221302,1,2,0,
2026-01-06T17:02:54.865,-2.2399888e-11,3.41598e-10,-0.219326,1,2,0,
2026-01-06T17:02:54.881,-2.2399888e-11,3.41598e-10,-0.21735,1,2,0,
2026-01-06T17:02:54.881,-2.2399888e-11,3.41598e-10,-0.21537399999999998,1,2,0,
2026-01-06T17:02:54.897,-1.6799922e-11,3.41598e-10,-0.21339799999999998,1,2,0,
2026-01-06T17:02:54.974,-2.2399888e-11,3.41598e-10,-0.211422,1,2,0,
2026-01-06T17:02:54.990,-2.2399888e-11,3.41598e-10,-0.209446,1,2,0,
2026-01-06T17:02:54.990,-1.6799922e-11,3.4719800000000003e-10,-0.20747,1,2,0,
2026-01-06T17:02:54.990,-1.1199957e-11,3.4719800000000003e-10,-0.20549399999999998,1,2,0,
2026-01-06T17:02:55.006,-1.6799922e-11,3.4719800000000003e-10,-0.203518,1,2,0,
2026-01-06T17:02:55.006,-1.6799922e-11,3.41598e-10,-0.201542,1,2,0,
2026-01-06T17:02:55.021,-2.2399914e-11,3.35998e-10,-0.199567,1,2,0,
2026-01-06T17:02:55.021,-1.6799922e-11,3.41598e-10,-0.197591,1,2,0,
2026-01-06T17:02:55.037,-2.2399914e-11,3.35998e-10,-0.19561499999999998,1,2,0,
2026-01-06T17:02:55.043,-1.1199957e-11,3.4719800000000003e-10,-0.19363899999999998,1,2,0,
2026-01-06T17:02:55.051,-1.6799922e-11,3.41598e-10,-0.191663,1,2,0,
2026-01-06T17:02:55.058,-1.1199957e-11,3.4719800000000003e-10,-0.189687,1,2,0,
2026-01-06T17:02:55.064,-1.6799922e-11,3.41598e-10,-0.187711,1,2,0,
2026-01-06T17:02:55.131,-5.599965e-12,3.5279800000000005e-10,-0.18573499999999998,1,2,0,
2026-01-06T17:02:55.131,-1.1199957e-11,3.4719800000000003e-10,-0.18375899999999998,1,2,0,
2026-01-06T17:02:55.162,-5.599965e-12,3.5279800000000005e-10,-0.181783,1,2,0,
2026-01-06T17:02:55.162,-1.1199957e-11,3.4719800000000003e-10,-0.179807,1,2,0,
2026-01-06T17:02:55.180,-5.599992000000001e-12,3.4719800000000003e-10,-0.177832,1,2,0,
2026-01-06T17:02:55.186,-125829120.0,3.5279800000000005e-10,-0.17585599999999998,1,2,0,
2026-01-06T17:02:55.193,-1.6799922e-11,3.41598e-10,-0.17387999999999998,1,2,0,
2026-01-06T17:02:55.255,-5.599992000000001e-12,3.4719800000000003e-10,-0.171904,1,2,0,
2026-01-06T17:02:55.255,-5.599992000000001e-12,3.4719800000000003e-10,-0.169928,1,2,0,
2026-01-06T17:02:55.272,-125829120.0,3.5279800000000005e-10,-0.167952,1,2,0,
2026-01-06T17:02:55.279,-125829120.0,3.5279800000000005e-10,-0.16597599999999998,1,2,0,
2026-01-06T17:02:55.285,1.1199957e-11,3.58398e-10,-0.16399999999999998,1,2,0,
2026-01-06T17:02:55.292,-125829120.0,3.5279800000000005e-10,-0.162024,1,2,0,
2026-01-06T17:02:55.365,-5.599992000000001e-12,3.4719800000000003e-10,-0.160048,1,2,0,
2026-01-06T17:02:55.365,-125829120.0,3.5279800000000005e-10,-0.158072,1,2,0,
2026-01-06T17:02:55.380,-5.599992000000001e-12,3.4719800000000003e-10,-0.15609699999999999,1,2,0,
2026-01-06T17:02:55.380,-125829120.0,3.5279800000000005e-10,-0.15412099999999998,1,2,0,
2026-01-06T17:02:55.401,5.599992000000001e-12,3.5279800000000005e-10,-0.152145,1,2,0,
2026-01-06T17:02:55.407,1.1199957e-11,3.58398e-10,-0.150169,1,2,0,
2026-01-06T17:02:55.412,-125829120.0,3.5279800000000005e-10,-0.148193,1,2,0,
2026-01-06T17:02:55.474,5.599965e-12,3.58398e-10,-0.14621699999999999,1,2,0,
2026-01-06T17:02:55.474,5.599992000000001e-12,3.5279800000000005e-10,-0.14424099999999998,1,2,0,
2026-01-06T17:02:55.490,5.599992000000001e-12,3.5279800000000005e-10,-0.142265,1,2,0,
2026-01-06T17:02:55.490,1.1199957e-11,3.58398e-10,-0.140289,1,2,0,
2026-01-06T17:02:55.508,5.599992000000001e-12,3.5279800000000005e-10,-0.138313,1,2,0,
2026-01-06T17:02:55.515,5.599965e-12,3.58398e-10,-0.13633699999999999,1,2,0,
2026-01-06T17:02:55.599,1.1199957e-11,3.58398e-10,-0.13436099999999998,1,2,0,
2026-01-06T17:02:55.599,1.6799922e-11,3.63998e-10,-0.132386,1,2,0,
2026-01-06T17:02:55.617,1.1199957e-11,3.58398e-10,-0.13041,1,2,0,
2026-01-06T17:02:55.624,1.6799922e-11,3.63998e-10,-0.128434,1,2,0,
2026-01-06T17:02:55.631,1.1199957e-11,3.58398e-10,-0.126458,1,2,0,
2026-01-06T17:02:55.631,1.6799922e-11,3.63998e-10,-0.124482,1,2,0,
2026-01-06T17:02:55.631,2.2399888e-11,3.63998e-10,-0.12250599999999999,1,2,0,
2026-01-06T17:02:55.709,1.6799922e-11,3.58398e-10,-0.12053,1,2,0,
2026-01-06T17:02:55.709,1.6799922e-11,3.63998e-10,-0.11855399999999999,1,2,0,
2026-01-06T17:02:55.728,1.1199957e-11,3.5279800000000005e-10,-0.116578,1,2,0,
2026-01-06T17:02:55.735,2.7999880000000002e-11,3.63998e-10,-0.114602,1,2,0,
2026-01-06T17:02:55.740,2.2399914e-11,3.58398e-10,-0.11262599999999999,1,2,0,
2026-01-06T17:02:55.740,2.2399888e-11,3.63998e-10,-0.110651,1,2,0,
2026-01-06T17:02:55.740,1.6799922e-11,3.58398e-10,-0.108675,1,2,0,
2026-01-06T17:02:55.826,2.7999880000000002e-11,3.6959800000000003e-10,-0.10669899999999999,1,2,0,
2026-01-06T17:02:55.833,2.2399888e-11,3.63998e-10,-0.104723,1,2,0,
2026-01-06T17:02:55.840,2.7999880000000002e-11,3.63998e-10,-0.10274699999999999,1,2,0,
2026-01-06T17:02:55.846,2.2399888e-11,3.63998e-10,-0.100771,1,2,0,
2026-01-06T17:02:55.850,2.2399888e-11,3.63998e-10,-0.098795568,1,2,0,
2026-01-06T17:02:55.850,2.2399888e-11,3.63998e-10,-0.096819664,1,2,0,
2026-01-06T17:02:55.928,2.2399888e-11,3.63998e-10,-0.09484374400000001,1,2,0,
2026-01-06T17:02:55.928,3.3599872e-11,3.6959800000000003e-10,-0.09286784000000001,1,2,0,
2026-01-06T17:02:55.949,2.7999880000000002e-11,3.63998e-10,-0.09089192800000001,1,2,0,
2026-01-06T17:02:55.956,3.3599844e-11,3.7519800000000004e-10,-0.088916008,1,2,0,
2026-01-06T17:02:55.974,2.7999880000000002e-11,3.6959800000000003e-10,-0.086940104,1,2,0,
2026-01-06T17:02:55.990,3.3599872e-11,3.6959800000000003e-10,-0.08496419200000001,1,2,0,
2026-01-06T17:02:55.990,3.3599872e-11,3.6959800000000003e-10,-0.08298828000000001,1,2,0,
2026-01-06T17:02:56.006,2.7999880000000002e-11,3.63998e-10,-0.081012368,1,2,0,
2026-01-06T17:02:56.006,3.3599872e-11,3.6959800000000003e-10,-0.079036456,1,2,0,
2026-01-06T17:02:56.021,3.9199836e-11,3.6959800000000003e-10,-0.07706054400000001,1,2,0,
2026-01-06T17:02:56.021,3.9199836e-11,3.7519800000000004e-10,-0.075084632,1,2,0,
2026-01-06T17:02:56.021,3.3599872e-11,3.6959800000000003e-10,-0.073108728,1,2,0,
2026-01-06T17:02:56.037,3.9199836e-11,3.7519800000000004e-10,-0.071132808,1,2,0,
2026-01-06T17:02:56.100,3.3599872e-11,3.6959800000000003e-10,-0.069156904,1,2,0,
2026-01-06T17:02:56.116,5.0399796000000007e-11,3.8079800000000005e-10,-0.06718099200000001,1,2,0,
2026-01-06T17:02:56.116,3.3599872e-11,3.6959800000000003e-10,-0.065205076,1,2,0,
2026-01-06T17:02:56.116,3.3599872e-11,3.6959800000000003e-10,-0.063229164,1,2,0,
2026-01-06T17:02:56.131,4.4799804000000006e-11,3.7519800000000004e-10,-0.061253252,1,2,0,
2026-01-06T17:02:56.131,3.3599872e-11,3.6959800000000003e-10,-0.059277344,1,2,0,
2026-01-06T17:02:56.147,4.4799804000000006e-11,3.7519800000000004e-10,-0.057301432000000006,1,2,0,
2026-01-06T17:02:56.209,3.9199836e-11,3.6959800000000003e-10,-0.05532552,1,2,0,
2026-01-06T17:02:56.224,3.9199836e-11,3.7519800000000004e-10,-0.053349612000000005,1,2,0,
2026-01-06T17:02:56.224,4.4799804000000006e-11,3.7519800000000004e-10,-0.051373696,1,2,0,
2026-01-06T17:02:56.240,4.4799804000000006e-11,3.7519800000000004e-10,-0.049397784,1,2,0,
2026-01-06T17:02:56.240,4.4799804000000006e-11,3.7519800000000004e-10,-0.047421872000000004,1,2,0,
2026-01-06T17:02:56.256,3.9199836e-11,3.6959800000000003e-10,-0.045445964000000005,1,2,0,
2026-01-06T17:02:56.334,5.0399768000000004e-11,3.7519800000000004e-10,-0.043470052,1,2,0,
2026-01-06T17:02:56.350,3.9199836e-11,3.6959800000000003e-10,-0.041494140000000006,1,2,0,
2026-01-06T17:02:56.350,5.0399796000000007e-11,3.8079800000000005e-10,-0.039518228,1,2,0,
2026-01-06T17:02:56.350,4.4799804000000006e-11,3.7519800000000004e-10,-0.037542316,1,2,0,
2026-01-06T17:02:56.372,4.4799804000000006e-11,3.7519800000000004e-10,-0.035566404,1,2,0,
2026-01-06T17:02:56.378,5.0399768000000004e-11,3.7519800000000004e-10,-0.033590496000000004,1,2,0,
2026-01-06T17:02:56.385,5.5999760000000004e-11,3.8079800000000005e-10,-0.031614582,1,2,0,
2026-01-06T17:02:56.443,5.0399768000000004e-11,3.7519800000000004e-10,-0.029638672,1,2,0,
2026-01-06T17:02:56.462,4.4799804000000006e-11,3.7519800000000004e-10,-0.02766276,1,2,0,
2026-01-06T17:02:56.469,5.0399768000000004e-11,3.7519800000000004e-10,-0.025686848,1,2,0,
2026-01-06T17:02:56.476,5.0399768000000004e-11,3.7519800000000004e-10,-0.023710936000000002,1,2,0,
2026-01-06T17:02:56.483,5.5999760000000004e-11,3.8079800000000005e-10,-0.021735026,1,2,0,
2026-01-06T17:02:56.490,5.0399768000000004e-11,3.7519800000000004e-10,-0.019759114,1,2,0,
2026-01-06T17:02:56.497,5.5999760000000004e-11,3.8079800000000005e-10,-0.017783202,1,2,0,
2026-01-06T17:02:56.553,5.0399768000000004e-11,3.7519800000000004e-10,-0.015807291,1,2,0,
2026-01-06T17:02:56.569,5.5999760000000004e-11,3.8079800000000005e-10,-0.01383138,1,2,0,
2026-01-06T17:02:56.569,5.5999760000000004e-11,3.8079800000000005e-10,-0.011855468000000001,1,2,0,
2026-01-06T17:02:56.584,6.159972400000001e-11,3.86398e-10,-0.009879557,1,2,0,
2026-01-06T17:02:56.584,5.5999760000000004e-11,3.8079800000000005e-10,-0.007903645,1,2,0,
2026-01-06T17:02:56.584,5.0399768000000004e-11,3.7519800000000004e-10,-0.0059277340000000005,1,2,0,
2026-01-06T17:02:56.677,5.0399768000000004e-11,3.7519800000000004e-10,-0.003951822000000001,1,2,0,
2026-01-06T17:02:56.677,5.0399796000000007e-11,3.6959800000000003e-10,-0.0019759110000000003,1,2,0,
2026-01-06T17:02:56.693,5.5999760000000004e-11,3.7519800000000004e-10,-125829120.0,1,2,0,
